"Vehicle Vin","Vehicle Make","Vehicle Model","Vehicle Trim Level","Vehicle Transmission Type","Vehicle Drive Type","Vehicle Type","Vehicle Year","Stock Number","Interior Color","Exterior Color","Engine","Cylinders","Cost","Wholesale","Retail","Mileage","Purchase Date","Comments","Inventory Type","Certified Pre Owned","Image URL","Option List","Total Cost","Down Payment","YouTube URL","Location Code","Market Value","Retail2","Other Price/Cost","Weekly Payment","Monthly Payment","Payment Details","Fuel Type","Interior Material","MSRP"

"7LZBE1625PW114888","DARKHORSE","TRAILER","Enclosed","Automatic","","Boat","2023","4008","WHITE","WHITE","","0","ZERO","ZERO","    8900.00","1000"," 8/29/2023","*Awesome trailer for whatever you can dream up. Obviously it has our decals on it, which can come off easily if needed.       *  We bought it brand new and have used it as a sound and lights trailer, construction trailer, toy hauler, mobile man cave (currently)...if you can dream it, this trailer can probably be used for it.        *Floor is wood in good condition and has been treated.     *Has electric run for lights and plenty of cargo tracks for whatever you need in there.         *Ready to hook up and go wherever you need it to go!        *Will get a walkaround video as soon as possible.","Used","No","https://cdn.frazerphotos.com/22489/22489_000004008_k0lsszn.jpg|https://cdn.frazerphotos.com/22489/22489_000004008_9ocknag.jpg|https://cdn.frazerphotos.com/22489/22489_000004008_55rlqx5.jpg|https://cdn.frazerphotos.com/22489/22489_000004008_dk5k3ib.jpg|https://cdn.frazerphotos.com/22489/22489_000004008_e1zgupj.jpg|https://cdn.frazerphotos.com/22489/22489_000004008_1hgekp0.jpg|https://cdn.frazerphotos.com/22489/22489_000004008_qywfoyw.jpg|https://cdn.frazerphotos.com/22489/22489_000004008_pc6uk2a.jpg|https://cdn.frazerphotos.com/22489/22489_000004008_k3vthb2.jpg|https://cdn.frazerphotos.com/22489/22489_000004008_dcpr1fo.jpg|https://cdn.frazerphotos.com/22489/22489_000004008_i7wniue.jpg|https://cdn.frazerphotos.com/22489/22489_000004008_a5nsryt.jpg|https://cdn.frazerphotos.com/22489/22489_000004008_shtyo9q.jpg|https://cdn.frazerphotos.com/22489/22489_000004008_5hrokmf.jpg|https://cdn.frazerphotos.com/22489/22489_000004008_2rot11e.jpg|https://cdn.frazerphotos.com/22489/22489_000004008_7bk4o20.jpg|https://cdn.frazerphotos.com/22489/22489_000004008_e4ur070.jpg|https://cdn.frazerphotos.com/22489/22489_000004008_2p2eeox.jpg|https://cdn.frazerphotos.com/22489/22489_000004008_o0p7m6z.jpg|","","ZERO","       0.00","","0","       0.00","    8900.00","     0","       0.00","       0.00","","Other","","        "

"WBY1Z4C56GV505741","BMW","I3","REX","Continuously Variable","RWD","Hatchback","2016","4043","","BLACK","0.7L","2","ZERO","ZERO","    6500.00","75687","10/24/2023","Video Test Drive URL (The Nitty Gritty): https://youtu.be/tOWVc8Wd9UA    Just the Basics:    *Great driving car. Good power. Smooth ride.     *Comes with a 110-volt charger for overnight charging and is compatible with faster commercial chargers for quick power-ups.    *Primarily an electric car, but has the range extended for fuel so you don't get stranded    *The exterior plastic charging door is missing.    *Picture of car fully charged shows battery health and range (based on last driver)","Used","No","https://cdn.frazerphotos.com/22489/22489_4043_3013.jpg|https://cdn.frazerphotos.com/22489/22489_4043_3014.jpg|https://cdn.frazerphotos.com/22489/22489_4043_3015.jpg|https://cdn.frazerphotos.com/22489/22489_4043_3016.jpg|https://cdn.frazerphotos.com/22489/22489_4043_3017.jpg|https://cdn.frazerphotos.com/22489/22489_4043_3018.jpg|https://cdn.frazerphotos.com/22489/22489_4043_3019.jpg|https://cdn.frazerphotos.com/22489/22489_4043_3020.jpg|https://cdn.frazerphotos.com/22489/22489_4043_3021.jpg|https://cdn.frazerphotos.com/22489/22489_4043_3022.jpg|https://cdn.frazerphotos.com/22489/22489_4043_3023.jpg|https://cdn.frazerphotos.com/22489/22489_4043_3946.jpg|https://cdn.frazerphotos.com/22489/22489_4043_3024.jpg|https://cdn.frazerphotos.com/22489/22489_4043_3025.jpg|https://cdn.frazerphotos.com/22489/22489_4043_3026.jpg|https://cdn.frazerphotos.com/22489/22489_4043_3027.jpg|https://cdn.frazerphotos.com/22489/22489_4043_3944.jpg|https://cdn.frazerphotos.com/22489/22489_4043_3945.jpg|","Air Conditioning; Power Windows; Power Locks; Power Steering; Tilt Wheel; AM/FM CD/MP3; Satellite; Immobilizer; Keyless Entry; Daytime Running Lights; Dual Front Airbags; Side Airbags; Head Airbags; Rear Head Airbags; Active Seatbelts; All Wheel ABS; Power Sun/Moon Roof","ZERO","       0.00","https://youtu.be/tOWVc8Wd9UA","0","    9430.00","    6500.00","     0","       0.00","       0.00","","Hybrid","","        "

"3C6UR5GL6FG511325","RAM","2500","LONGHORN","Automatic","4WD","Truck","2015","4089","BLACK","BLACK","6.7L","6","ZERO","ZERO","   22500.00","544576"," 2/20/2024","PLEASE READ BEFORE YOU CALL OR COME IN!!! We only accept CASH payment. If there is no description here, check www.highlifeauto for updates.    Link to Video:    Good to Go:    Take a Look at:","Used","No","https://cdn.frazerphotos.com/22489/22489_000004089_pdsd3t6.jpg|https://cdn.frazerphotos.com/22489/22489_000004089_wpa5y1h.jpg|https://cdn.frazerphotos.com/22489/22489_000004089_7v1md5m.jpg|https://cdn.frazerphotos.com/22489/22489_000004089_z6jpr6l.jpg|https://cdn.frazerphotos.com/22489/22489_000004089_nkjlmam.jpg|https://cdn.frazerphotos.com/22489/22489_000004089_jevtzc2.jpg|https://cdn.frazerphotos.com/22489/22489_000004089_qtb7ea1.jpg|https://cdn.frazerphotos.com/22489/22489_000004089_zi8p3f6.jpg|https://cdn.frazerphotos.com/22489/22489_000004089_d33604e.jpg|https://cdn.frazerphotos.com/22489/22489_000004089_qvh9q06.jpg|https://cdn.frazerphotos.com/22489/22489_000004089_kfabbug.jpg|https://cdn.frazerphotos.com/22489/22489_000004089_8t1g3p5.jpg|https://cdn.frazerphotos.com/22489/22489_000004089_9ai8ij9.jpg|","Air Conditioning; Power Windows; Power Locks; Power Steering; Tilt Wheel; AM/FM CD/DVD; Satellite; Sentry Key; Keyless Entry; Alarm; Available; Dual Air Bags Front and Sides; Active Belts; Crew Cab; Regular Bed; All Wheel ABS; Power Sun/Moon Roof; 3/4 Ton","ZERO","       0.00","","0","   20310.00","   22500.00","     0","       0.00","       0.00","","Diesel","","   64645"

"JN8AF5MR4ET353862","NISSAN","JUKE","S","Continuously Variable","FWD","SUV","2014","4099","","BLACK","1.6L","4","ZERO","ZERO","    3500.00","172406"," 2/28/2024","Video Test Drive (The Nitty Gritty): https://youtu.be/twVJ-z0rMK4         Just the Basics:     *    Runs and Drives Well.     *Tires are between 50% and 75%    *Came from St Louis--Less Rust     *Brand New Turbo!     *Traction Control Light (Yaw Sensor).     *Tire Pressure Light (Another Sensor)","Used","No","https://cdn.frazerphotos.com/22489/22489_000004099_wrw2iou.jpg|https://cdn.frazerphotos.com/22489/22489_000004099_bbatlaw.jpg|https://cdn.frazerphotos.com/22489/22489_000004099_8zhezrb.jpg|https://cdn.frazerphotos.com/22489/22489_000004099_1dvd4zv.jpg|https://cdn.frazerphotos.com/22489/22489_000004099_ao3jis6.jpg|https://cdn.frazerphotos.com/22489/22489_000004099_tdqea38.jpg|https://cdn.frazerphotos.com/22489/22489_000004099_zvc7v9n.jpg|https://cdn.frazerphotos.com/22489/22489_000004099_fa3mzed.jpg|https://cdn.frazerphotos.com/22489/22489_000004099_d23jtzz.jpg|https://cdn.frazerphotos.com/22489/22489_000004099_61weg44.jpg|https://cdn.frazerphotos.com/22489/22489_000004099_871o6b3.jpg|https://cdn.frazerphotos.com/22489/22489_000004099_xg6pkrp.jpg|https://cdn.frazerphotos.com/22489/22489_4099_3940.jpg|https://cdn.frazerphotos.com/22489/22489_4099_3941.jpg|","Air Conditioning; Power Windows; Power Locks; Power Steering; Tilt Wheel; AM/FM CD/MP3; Satellite; Immobilizer; Keyless Entry; Alarm; Dual Air Bags Front Head and Sides; Active Belts; All Wheel ABS","ZERO","       0.00","https://youtu.be/twVJ-z0rMK4?si=oanG6H3CmbI3YFQX","0","       0.00","    3500.00","     0","       0.00","       0.00","","Gasoline","","        "

"1J4BA3H18BL539269","JEEP","WRANGLER UNLIMI","SPORT","Automatic","4WD","SUV","2011","3570","BLACK","BLACK","3.8L","6","ZERO","ZERO","   20000.00","113712"," 7/28/2021","This has been my personal Jeep for a few years. I have done all the upgrades including a Rough Country lift and heavy suspension upgrade. It has nearly new 35'' tires and a regeared 5.13 rear end to make that adjustment flawless.     Has drive-in snow plow hook ups and a winch with synthetic rope.    It's not perfect and it gets driven all the time. But the frame is solid and it will take you anywhere you want to go.","Used","No","https://cdn.frazerphotos.com/22489/22489_3570_3661.jpg|https://cdn.frazerphotos.com/22489/22489_3570_3662.jpg|https://cdn.frazerphotos.com/22489/22489_3570_3663.jpg|https://cdn.frazerphotos.com/22489/22489_3570_3664.jpg|https://cdn.frazerphotos.com/22489/22489_3570_3665.jpg|https://cdn.frazerphotos.com/22489/22489_3570_3666.jpg|https://cdn.frazerphotos.com/22489/22489_3570_3667.jpg|https://cdn.frazerphotos.com/22489/22489_3570_3668.jpg|https://cdn.frazerphotos.com/22489/22489_3570_3669.jpg|https://cdn.frazerphotos.com/22489/22489_3570_3670.jpg|https://cdn.frazerphotos.com/22489/22489_3570_3671.jpg|https://cdn.frazerphotos.com/22489/22489_3570_3672.jpg|https://cdn.frazerphotos.com/22489/22489_3570_3673.jpg|https://cdn.frazerphotos.com/22489/22489_3570_3674.jpg|https://cdn.frazerphotos.com/22489/22489_3570_3675.jpg|https://cdn.frazerphotos.com/22489/22489_3570_3676.jpg|https://cdn.frazerphotos.com/22489/22489_3570_3677.jpg|https://cdn.frazerphotos.com/22489/22489_3570_3678.jpg|https://cdn.frazerphotos.com/22489/22489_3570_3679.jpg|https://cdn.frazerphotos.com/22489/22489_3570_3680.jpg|","Air Conditioning; Available; Power Steering; Tilt Wheel; AM/FM CD/MP3; Satellite; AM/FM CD/DVD; Passive sentry key; Dual Front Airbags; Passenger Sensor; Active Belts; All Wheel ABS; Retractable Roof Panel","ZERO","       0.00","https://youtu.be/p_FZ-3xXej8","0","       0.00","   20000.00","     0","       0.00","       0.00","","Gasoline","","        "

"SMK85788E191","SMOKER CRAFT","SUNCHASER","DECK BOAT","Automatic","","Boat","1991","3917","WHITE","WHITE","150","6","ZERO","ZERO","    4500.00","1000"," 2/20/2023"," Great running boat! 150 hp Mercury outboard motor. Seating for 9+.     I have had my family out in it multipe times. Has a ladder for easy entry when jumping off the boat and swimming.     Has a decent canopy on it that makes for nice boat rides.     Been winterized as long as I have had it.     Don't ask me to go lower. My wife already has my head on the chopping block for buying two boats when she was under anesthesia :)","Used","No","https://cdn.frazerphotos.com/22489/22489_000003917_c3v4jjp.jpg|https://cdn.frazerphotos.com/22489/22489_000003917_q7987xq.jpg|https://cdn.frazerphotos.com/22489/22489_000003917_kaerml5.jpg|https://cdn.frazerphotos.com/22489/22489_000003917_9djd1hi.jpg|https://cdn.frazerphotos.com/22489/22489_000003917_6ow0n8r.jpg|https://cdn.frazerphotos.com/22489/22489_000003917_wlurtiy.jpg|https://cdn.frazerphotos.com/22489/22489_000003917_8fa885c.jpg|https://cdn.frazerphotos.com/22489/22489_000003917_ufguec1.jpg|https://cdn.frazerphotos.com/22489/22489_000003917_dy0twib.jpg|https://cdn.frazerphotos.com/22489/22489_3917_3750.jpg|https://cdn.frazerphotos.com/22489/22489_3917_3752.jpg|https://cdn.frazerphotos.com/22489/22489_3917_3753.jpg|https://cdn.frazerphotos.com/22489/22489_3917_3754.jpg|https://cdn.frazerphotos.com/22489/22489_3917_3755.jpg|https://cdn.frazerphotos.com/22489/22489_000003917_zb6bj3n.jpg|","","ZERO","       0.00","https://youtu.be/kXeX5zOxTeI?si=bo5SuBkpAPMWXvsE","0","       0.00","    4500.00","     0","       0.00","       0.00","","Gasoline","","        "

"3D7MU48C64G122042","DODGE","RAM 3500","ST","Automatic","4WD","Truck","2004","1725","","WHITE","5.9L","6","ZERO","ZERO","    6000.00","337402"," 6/28/2016","Currently in the repair shop. Will update as possible.","Used","No","https://cdn.frazerphotos.com/22489/22489_1725_2900.jpg|https://cdn.frazerphotos.com/22489/22489_1725_2899.jpg|https://cdn.frazerphotos.com/22489/22489_1725_2905.jpg|https://cdn.frazerphotos.com/22489/22489_1725_2897.jpg|https://cdn.frazerphotos.com/22489/22489_1725_2898.jpg|https://cdn.frazerphotos.com/22489/22489_1725_2907.jpg|https://cdn.frazerphotos.com/22489/22489_1725_2902.jpg|https://cdn.frazerphotos.com/22489/22489_1725_2901.jpg|https://cdn.frazerphotos.com/22489/22489_1725_2903.jpg|https://cdn.frazerphotos.com/22489/22489_1725_2904.jpg|https://cdn.frazerphotos.com/22489/22489_1725_2906.jpg|https://cdn.frazerphotos.com/22489/22489_1725_2896.jpg|https://cdn.frazerphotos.com/22489/22489_000001725_xxllvjx.jpg|https://cdn.frazerphotos.com/22489/22489_000001725_jbh175l.jpg|https://cdn.frazerphotos.com/22489/22489_000001725_xdvvfs4.jpg|https://cdn.frazerphotos.com/22489/22489_000001725_zi3m3zw.jpg|https://cdn.frazerphotos.com/22489/22489_000001725_wda1oi9.jpg|https://cdn.frazerphotos.com/22489/22489_000001725_gpxkhj4.jpg|https://cdn.frazerphotos.com/22489/22489_000001725_nwzlhjo.jpg|https://cdn.frazerphotos.com/22489/22489_000001725_m6b0pjb.jpg|https://cdn.frazerphotos.com/22489/22489_000001725_gud5kdc.jpg|","Air Conditioning; Power Windows; Power Locks; Power Steering; Tilt Wheel; AM/FM Cassette; AM/FM CD; Dual Front Air Bag; Active Belts; Crew Cab; Regular Bed; All Wheel ABS; 1 Ton","ZERO","       0.00","","0","       0.00","    6000.00","     0","       0.00","       0.00","","Diesel","","        "

"1C4NJCBA0GD751810","JEEP","COMPASS","SPORT","Continuously Variable","FWD","SUV","2016","4227","BLACK","BLACK","2.0L","4","ZERO","ZERO","    3750.00","190835","11/06/2024","Video Test Drive (The Nitty Gritty): https://youtu.be/x1xEuhxHWCw         Just The Basics:     *    Runs and Drives Smooth    *Suspension Quiet. Brakes Good.     *Pulls (a little) to the right-Needs A Wheel Bearing (Part Included)     *Driver's Window Needs A Regulator","Used","No","https://cdn.frazerphotos.com/22489/22489_000004227_569c0mv.jpg|https://cdn.frazerphotos.com/22489/22489_000004227_sly7k83.jpg|https://cdn.frazerphotos.com/22489/22489_000004227_4trw442.jpg|https://cdn.frazerphotos.com/22489/22489_000004227_rpxziw6.jpg|https://cdn.frazerphotos.com/22489/22489_000004227_r4cpvhd.jpg|https://cdn.frazerphotos.com/22489/22489_000004227_y5dxn07.jpg|https://cdn.frazerphotos.com/22489/22489_000004227_bnmnqp7.jpg|https://cdn.frazerphotos.com/22489/22489_000004227_uy1szbd.jpg|https://cdn.frazerphotos.com/22489/22489_000004227_famxti4.jpg|https://cdn.frazerphotos.com/22489/22489_000004227_gi5t52b.jpg|https://cdn.frazerphotos.com/22489/22489_000004227_cbtd8gz.jpg|https://cdn.frazerphotos.com/22489/22489_000004227_u81cjsk.jpg|","Air Conditioning; Power Windows; Power Locks; Power Steering; Tilt Wheel; AM/FM CD/MP3; Satellite; Immobilizer; Keyless Entry; Available; Dual Airbags Front Head and Side; Active Seatbelts; Passenger Airbag Sensor; Dual Rear Side Airbag; All Wheel ABS","ZERO","       0.00","","0","       0.00","    3750.00","     0","       0.00","       0.00","","Gasoline","","        "

"YV1RS592182700588","VOLVO","S60","2.5T","Automatic","FWD","Sedan","2008","4224","BLACK","SILVER","2.5L","5","ZERO","ZERO","    2300.00","233858","10/30/2024","VVideo Test Drive (The Nitty Gritty): https://youtu.be/V8td3H6DwHs    Just the Basics:    The timing was already done on this at 145k miles!    Drives well with good power and smooth acceleration.    Quiet suspension. Good Brakes.     Leather, Cold AC    Tires 50%-75%    Body in decent shape-Just a few ''dings'' (Cracked Windshield/Headlight covers, Driver's mirror broken)    Anti Skid Service Light is on (Traction Control), RR Window Inop, Sunroof, Inop","Used","No","https://cdn.frazerphotos.com/22489/22489_000004224_i6pki30.jpg|https://cdn.frazerphotos.com/22489/22489_000004224_0uq3sf2.jpg|https://cdn.frazerphotos.com/22489/22489_000004224_4zntc2e.jpg|https://cdn.frazerphotos.com/22489/22489_000004224_bm1elc9.jpg|https://cdn.frazerphotos.com/22489/22489_000004224_xpycbrd.jpg|https://cdn.frazerphotos.com/22489/22489_000004224_i8hbed3.jpg|https://cdn.frazerphotos.com/22489/22489_000004224_e3k0gl2.jpg|https://cdn.frazerphotos.com/22489/22489_000004224_pjvj6jj.jpg|https://cdn.frazerphotos.com/22489/22489_000004224_bkbif28.jpg|https://cdn.frazerphotos.com/22489/22489_000004224_hspxmsk.jpg|https://cdn.frazerphotos.com/22489/22489_000004224_z1dro3s.jpg|https://cdn.frazerphotos.com/22489/22489_4224_3924.jpg|https://cdn.frazerphotos.com/22489/22489_4224_3925.jpg|","Air Conditioning; Power Windows; Power Locks; Power Steering; Tilt Wheel; AM/FM CD/MP3; Satellite; Immobilizer; Keyless Entry; Alarm; Daytime Running Lights; Dual Airbags Front Head and Side; Active Seatbelts; Passenger Airbag Sensor; All Wheel ABS","ZERO","       0.00","https://youtu.be/V8td3H6DwHs","0","    4267.00","    2300.00","     0","       0.00","       0.00","","Gasoline","","        "

"1FMZU77E22UC81375","FORD","EXPLORER","SPORT TRAC","Automatic","4WD","Mid-Size","2002","4258","GRAY","SILVER","4.0L","6","ZERO","ZERO","    2100.00","185391"," 3/05/2025","Video Test Drive URL (The Nitty Gritty): https://youtu.be/6q8uWp83gew    Just the Basics:    Tires about 50%    New wheel bearing, fixed taillight, fresh oil change.    Good running truck. 4x4 works.     All side windows inop (pretty sure it's a wiring issue in the driver's door), Rear sliding window works    A couple cosmetic dings and tears    AC not blowing cold    **Update** I found a brake fluid leak when I moved it. I have not nailed down the location yet. Check with me on this to see where I am at.     This is the truck that I put my 16 year old son in until he decided to go with a fuel efficient car. Any of you with kids knows that a momma ain't gonna put her baby in a car that ain't gonna get him where he needs to go. It may not be the prettiest or the fanciest and it may still need a few things, but the bones are solid.","Used","No","https://cdn.frazerphotos.com/22489/22489_000004258_qdafsx0.jpg|https://cdn.frazerphotos.com/22489/22489_000004258_b8gh9hk.jpg|https://cdn.frazerphotos.com/22489/22489_000004258_tvmurjt.jpg|https://cdn.frazerphotos.com/22489/22489_000004258_8y4eb53.jpg|https://cdn.frazerphotos.com/22489/22489_000004258_q5ll60o.jpg|https://cdn.frazerphotos.com/22489/22489_000004258_u3o6oo6.jpg|https://cdn.frazerphotos.com/22489/22489_000004258_bk5gkhx.jpg|https://cdn.frazerphotos.com/22489/22489_000004258_wnsor8f.jpg|https://cdn.frazerphotos.com/22489/22489_000004258_jyaql6f.jpg|https://cdn.frazerphotos.com/22489/22489_000004258_l2wg3kg.jpg|https://cdn.frazerphotos.com/22489/22489_000004258_17ca0in.jpg|https://cdn.frazerphotos.com/22489/22489_4258_3920.jpg|https://cdn.frazerphotos.com/22489/22489_4258_3921.jpg|","Air Conditioning; Power Windows; Power Locks; Power Steering; Tilt Wheel; AM/FM CD; Pass Key Security; Dual Front Air Bag; Active Belts; Sport Utility Cab; All Wheel ABS","ZERO","       0.00","https://youtu.be/6q8uWp83gew","0","    5604.00","    2100.00","     0","       0.00","       0.00","","Gasoline","","        "

"1G1PG5SB0E7384097","CHEVROLET","CRUZE","LTZ","Automatic","FWD","Sedan","2014","4239","GRAY","SILVER","1.4L","4","ZERO","ZERO","    3500.00","145485","12/12/2024","","Used","No","https://cdn.frazerphotos.com/22489/22489_000004239_z4b3hca.jpg|https://cdn.frazerphotos.com/22489/22489_000004239_2rhpm4r.jpg|https://cdn.frazerphotos.com/22489/22489_000004239_45puk4s.jpg|https://cdn.frazerphotos.com/22489/22489_000004239_7p3k4un.jpg|https://cdn.frazerphotos.com/22489/22489_000004239_38okda5.jpg|https://cdn.frazerphotos.com/22489/22489_000004239_jqivsxu.jpg|https://cdn.frazerphotos.com/22489/22489_000004239_5qzgw4b.jpg|https://cdn.frazerphotos.com/22489/22489_000004239_g8nnvlb.jpg|https://cdn.frazerphotos.com/22489/22489_000004239_ay7p789.jpg|https://cdn.frazerphotos.com/22489/22489_000004239_c9m1k6w.jpg|https://cdn.frazerphotos.com/22489/22489_000004239_krwyxey.jpg|https://cdn.frazerphotos.com/22489/22489_000004239_wjlxe2r.jpg|https://cdn.frazerphotos.com/22489/22489_000004239_8a1tzi1.jpg|https://cdn.frazerphotos.com/22489/22489_4239_3989.jpg|https://cdn.frazerphotos.com/22489/22489_4239_3990.jpg|","Air Conditioning; Power Windows; Power Locks; Power Steering; Tilt Wheel; AM/FM CD/MP3; Satellite; Immobilizer; Keyless Entry; Alarm; Daytime Running Lights; Dual Airbags Front Head and Side; Active Seatbelts; Passenger Airbag Sensor; Dual Rear Side Airbag; All Wheel ABS","ZERO","       0.00","https://youtu.be/dJNK6dULX0g","0","       0.00","    3500.00","     0","       0.00","       0.00","","Gasoline","","        "

"2C3CDXCT9JH125046","DODGE","CHARGER","R/T","Automatic","RWD","Sedan","2018","4249","BLACK","BLACK","5.7L","8","ZERO","ZERO","    7500.00","195183"," 1/14/2025","Video Test Drive (The Nitty Gritty): https://youtu.be/wJuaFkvSVlU    Just The Basics:  5.7L Hemi  Runs and Drives Great!  Cold AC, Heated Seats.  Smooth Suspension. Good Brakes.   Not a showroom perfect car--but it will get you where you need to go.","Used","No","https://cdn.frazerphotos.com/22489/22489_000004249_fgyedbo.jpg|https://cdn.frazerphotos.com/22489/22489_000004249_85dz2rx.jpg|https://cdn.frazerphotos.com/22489/22489_000004249_ps5xpoe.jpg|https://cdn.frazerphotos.com/22489/22489_000004249_4jhw6xc.jpg|https://cdn.frazerphotos.com/22489/22489_000004249_106t5xe.jpg|https://cdn.frazerphotos.com/22489/22489_000004249_wothf61.jpg|https://cdn.frazerphotos.com/22489/22489_000004249_h0hqvg4.jpg|https://cdn.frazerphotos.com/22489/22489_000004249_d8fx413.jpg|https://cdn.frazerphotos.com/22489/22489_000004249_4r48pv6.jpg|https://cdn.frazerphotos.com/22489/22489_000004249_bj5bmte.jpg|https://cdn.frazerphotos.com/22489/22489_000004249_vnz7pq8.jpg|https://cdn.frazerphotos.com/22489/22489_4249_3922.jpg|https://cdn.frazerphotos.com/22489/22489_4249_3923.jpg|","Air Conditioning; Power Windows; Power Locks; Power Steering; Tilt Wheel; AM/FM CD/MP3; Satellite; Sentry Key; Keyless Entry; Alarm; Daytime Running Lights; Dual Front Airbags; Side Airbags; Head Airbags; Rear Head Airbags; Active Seatbelts; All Wheel ABS","ZERO","       0.00","https://youtu.be/wJuaFkvSVlU","0","   12217.00","    7500.00","     0","       0.00","       0.00","","Gasoline","","        "

"4T1FA38P68U156554","TOYOTA","CAMRY SOLARA","SE","Automatic","FWD","Convertible","2008","4273","TAN","RED","3.3L","6","ZERO","ZERO","    2000.00","192093"," 4/23/2025","Video Test Drive (The Nitty Gritty): https://youtu.be/-rM9WfMEngs    Just the Basics:  Runs and drives good  Convertible top opens and closes the way it should and doesn't leak  Drives smooth-no suspension noise, good brakes  Tires: 40%-50%  Exhaust is a little louder.","Used","No","https://cdn.frazerphotos.com/22489/22489_000004273_lfhp2s7.jpg|https://cdn.frazerphotos.com/22489/22489_000004273_yui65x2.jpg|https://cdn.frazerphotos.com/22489/22489_000004273_x81vz40.jpg|https://cdn.frazerphotos.com/22489/22489_000004273_hwh1ltg.jpg|https://cdn.frazerphotos.com/22489/22489_000004273_r12mefm.jpg|https://cdn.frazerphotos.com/22489/22489_000004273_1vw0th2.jpg|https://cdn.frazerphotos.com/22489/22489_000004273_8acdgca.jpg|https://cdn.frazerphotos.com/22489/22489_000004273_azccefg.jpg|https://cdn.frazerphotos.com/22489/22489_000004273_b2ms7c1.jpg|https://cdn.frazerphotos.com/22489/22489_000004273_dymj3e3.jpg|https://cdn.frazerphotos.com/22489/22489_000004273_dyqox7w.jpg|https://cdn.frazerphotos.com/22489/22489_000004273_8lkihky.jpg|https://cdn.frazerphotos.com/22489/22489_000004273_sxbl68h.jpg|https://cdn.frazerphotos.com/22489/22489_4273_3993.jpg|https://cdn.frazerphotos.com/22489/22489_4273_3994.jpg|","Air Conditioning; Power Windows; Power Locks; Power Steering; Tilt Wheel; AM/FM CD/MP3; Satellite; Immobilizer; Keyless Entry; Daytime Running Lights; Dual Front Airbags; Side Airbags; Head Airbags; Rear Head Airbags; Active Seatbelts; All Wheel ABS","ZERO","       0.00","https://youtu.be/-rM9WfMEngs","0","    6039.00","    2000.00","     0","       0.00","       0.00","","Gasoline","","        "

"LCELDUZ41K6004573","CF MOTO","600","","Automatic","","Mid-Size","2019","3759","BLACK","ORANGE","","0","ZERO","ZERO","    3900.00","950"," 5/31/2022","*Great running 4 Wheeler.     *We have used it for a couple years.     *Has low miles and has been maintained as we have used it.     *Have used for snow plowing in the winter and weed spraying in the spring/summer and general leisure.      *  Will get a video test drive as soon as possible.    *    MUST MAKE AN APPOINTMENT to see because it may be at my house on any given day.","Used","No","https://cdn.frazerphotos.com/22489/22489_3759_3486.jpg|https://cdn.frazerphotos.com/22489/22489_3759_3480.jpg|https://cdn.frazerphotos.com/22489/22489_3759_3479.jpg|https://cdn.frazerphotos.com/22489/22489_3759_3481.jpg|","","ZERO","       0.00","","0","       0.00","    3900.00","     0","       0.00","       0.00","","Gasoline","","        "

"3JB1GAN45LK001064","CAN AM","MAVERICK","SIDE BY SIDE","Automatic","","Mid-Size","2020","4291","BLACK","BLACK","","0","ZERO","ZERO","    8000.00","1275"," 5/30/2025","*Great running side by side.         *Brand new front end. Replaced Suspension Parts.     *Fresh Oil Change.         *Will get a video test drive as soon as possible.         *MUST MAKE AN APPOINTMENT to see as it may be at our house on any given day. This is currently my favorite ''toy''...serious buyers only. Firm on price. No trades.","Used","No","https://cdn.frazerphotos.com/22489/22489_4291_3826.jpg|https://cdn.frazerphotos.com/22489/22489_4291_3827.jpg|https://cdn.frazerphotos.com/22489/22489_4291_3828.jpg|https://cdn.frazerphotos.com/22489/22489_4291_3829.jpg|https://cdn.frazerphotos.com/22489/22489_4291_3830.jpg|","","ZERO","       0.00","","0","       0.00","    8000.00","     0","       0.00","       0.00","","Gasoline","","        "

"1N6AD0EV4BC400462","NISSAN","FRONTIER","S","Automatic","4WD","Pick-Up","2011","3979","","BLACK","4.0L","6","ZERO","ZERO","    5000.00","141088"," 5/25/2023","Video Test Drive URL: (The Nitty Gritty) https://youtu.be/M7P-RhESt6o?si=thma4xj3KitDLO_D        Just the Basics:        *This truck runs and drives well. Motor sounds good and it shifts the way it's supposed to.     *4x4 works. Brakes and suspension are solid.     *    Passenger side window likely needs a regulator.     *    Recent Major Maintenance & Repairs:     Brand new Nissan OEM fuel pump installed.    New Nissan OEM crank and cam sensors. Still seems to have a longer crank than normal (I think).     Brand new battery (installed November/December last year).","Used","No","https://cdn.frazerphotos.com/22489/22489_000003979_thg9ggy.jpg|https://cdn.frazerphotos.com/22489/22489_000003979_kkg47xd.jpg|https://cdn.frazerphotos.com/22489/22489_000003979_5ohoxgg.jpg|https://cdn.frazerphotos.com/22489/22489_000003979_lsdryk3.jpg|https://cdn.frazerphotos.com/22489/22489_000003979_vryhbs6.jpg|https://cdn.frazerphotos.com/22489/22489_000003979_17nnpuw.jpg|https://cdn.frazerphotos.com/22489/22489_000003979_wup3dxj.jpg|https://cdn.frazerphotos.com/22489/22489_000003979_h36pid7.jpg|https://cdn.frazerphotos.com/22489/22489_000003979_l26acww.jpg|https://cdn.frazerphotos.com/22489/22489_000003979_yek2dyl.jpg|https://cdn.frazerphotos.com/22489/22489_000003979_lk5y3cg.jpg|https://cdn.frazerphotos.com/22489/22489_3979_3948.jpg|https://cdn.frazerphotos.com/22489/22489_3979_3947.jpg|","Tilt Wheel; Immobilizer; Keyless Entry; Dual Front Airbags; Side Airbags; Head Airbags; Rear Head Airbags; Active Seatbelts; Crew Cab; Regular Bed; All Wheel ABS","ZERO","       0.00","https://youtu.be/M7P-RhESt6o?si=R8EEm7bC6ZXrhv4n","0","       0.00","    5000.00","     0","       0.00","       0.00","","Gasoline","","        "

"KL4CJFSB5DB105181","BUICK","ENCORE","CONVENIENCE","Automatic","AWD","SUV","2013","4310","BLACK","BLACK","1.4L","4","ZERO","ZERO","    3000.00","181028"," 7/24/2025","Virtual Test Drive URL (The Nitty Gritty): https://youtu.be/Dxhl4pKS-Tw    Just the Basics:    *AWD, fuel efficient SUV with backup cam     *Drives well. Brakes good.     *Tires 35%-45% all the way around    *Auction said they heard some suspension noise, but I didn't hear anything.     *AC blows cold, BUT blower motor is pretty loud","Used","No","https://cdn.frazerphotos.com/22489/22489_000004310_cn3tetf.jpg|https://cdn.frazerphotos.com/22489/22489_000004310_9ht6pfx.jpg|https://cdn.frazerphotos.com/22489/22489_000004310_usm7cti.jpg|https://cdn.frazerphotos.com/22489/22489_000004310_8quztld.jpg|https://cdn.frazerphotos.com/22489/22489_000004310_t30xvxq.jpg|https://cdn.frazerphotos.com/22489/22489_000004310_9iy4ohv.jpg|https://cdn.frazerphotos.com/22489/22489_000004310_19dkjhl.jpg|https://cdn.frazerphotos.com/22489/22489_000004310_9ctkjv2.jpg|https://cdn.frazerphotos.com/22489/22489_000004310_dr7aaag.jpg|https://cdn.frazerphotos.com/22489/22489_000004310_1w38xk9.jpg|https://cdn.frazerphotos.com/22489/22489_000004310_f9hxq1x.jpg|https://cdn.frazerphotos.com/22489/22489_000004310_cab7ovg.jpg|https://cdn.frazerphotos.com/22489/22489_4310_3874.jpg|https://cdn.frazerphotos.com/22489/22489_4310_3875.jpg|","Air Conditioning; Power Windows; Power Locks; Power Steering; Tilt Wheel; AM/FM CD/MP3; Satellite; AM/FM CD/DVD; Sentry Key; Keyless Entry; Alarm; Daytime Running Lights; Dual Front Airbags; Side Airbags; Head Airbags; Rear Head Airbags; Active Seatbelts; All Wheel ABS","ZERO","       0.00","https://youtu.be/Dxhl4pKS-Tw","0","       0.00","    3000.00","     0","       0.00","       0.00","","Gasoline","","        "

"1J4BA3H17BL587586","JEEP","WRANGLER UNLIMI","SPORT","4-Speed Manual","4WD","SUV","2011","4329","","BLACK","3.8L","6","ZERO","ZERO","    7500.00","193743"," 8/21/2025","Video Test Drive URL (The Nitty Gritty): https://youtu.be/cf7VRuvmClk    Just the Basics:    6 Spd Manual transmission 193k Miles    Tires about 40% all the way around.     No check engine lights, but gate open light is on    Aftermarket radio-no sound?    AC works. Drives Good.     Cruise buttons don't seem to work","Used","No","https://cdn.frazerphotos.com/22489/22489_000004329_72umrsx.jpg|https://cdn.frazerphotos.com/22489/22489_000004329_zi5kvyo.jpg|https://cdn.frazerphotos.com/22489/22489_000004329_48k3gai.jpg|https://cdn.frazerphotos.com/22489/22489_000004329_2qr1i5e.jpg|https://cdn.frazerphotos.com/22489/22489_000004329_9h2dj3k.jpg|https://cdn.frazerphotos.com/22489/22489_000004329_syxayj8.jpg|https://cdn.frazerphotos.com/22489/22489_000004329_qqkvqmr.jpg|https://cdn.frazerphotos.com/22489/22489_000004329_qv2cxpw.jpg|https://cdn.frazerphotos.com/22489/22489_000004329_wock3iw.jpg|https://cdn.frazerphotos.com/22489/22489_000004329_zopg3sp.jpg|https://cdn.frazerphotos.com/22489/22489_000004329_jznyycz.jpg|https://cdn.frazerphotos.com/22489/22489_000004329_dqwy1ci.jpg|https://cdn.frazerphotos.com/22489/22489_4329_3852.jpg|https://cdn.frazerphotos.com/22489/22489_4329_3853.jpg|","Air Conditioning; Available; Power Steering; Tilt Wheel; AM/FM CD/MP3; Satellite; AM/FM CD/DVD; Passive sentry key; Dual Front Airbags; Passenger Sensor; Active Belts; All Wheel ABS; Retractable Roof Panel","ZERO","       0.00","https://youtu.be/cf7VRuvmClk","0","       0.00","    7500.00","     0","       0.00","       0.00","","Gasoline","","        "

"3GCPKSE31BG317050","CHEVROLET","SILVERADO 1500","LT","Automatic","4WD","Pick-Up","2011","4282","","GRAY","5.3L","8","ZERO","ZERO","    4500.00","227795"," 4/30/2025","Virtual Test Drive URL (The Nitty Gritty): https://youtu.be/cFActwcPORs         Just the Basics:         *Nice looking, lifted Chevy with normal Chevy cosmetic stuff         *Newer transmission-175K miles         *Drives good. Accelerates well. Stops solid.         *Tires-Matching @ Least 75% tread         *Obvious rear end damage-Tailgate doesn't open         *ABS/Trac Light     Needs a little bit of ''button love''-climate control, windows     4x4 seems to work, but service 4x4 light is on     *    Louder exhaust, rusty underneath","Used","No","https://cdn.frazerphotos.com/22489/22489_000004282_sm23x30.jpg|https://cdn.frazerphotos.com/22489/22489_000004282_z2zzeer.jpg|https://cdn.frazerphotos.com/22489/22489_000004282_wtpzyoa.jpg|https://cdn.frazerphotos.com/22489/22489_000004282_4pu9j1n.jpg|https://cdn.frazerphotos.com/22489/22489_000004282_gwo40fv.jpg|https://cdn.frazerphotos.com/22489/22489_000004282_p4dzusq.jpg|https://cdn.frazerphotos.com/22489/22489_000004282_iq31omn.jpg|https://cdn.frazerphotos.com/22489/22489_000004282_ozvrtah.jpg|https://cdn.frazerphotos.com/22489/22489_000004282_oem9ito.jpg|https://cdn.frazerphotos.com/22489/22489_000004282_sd0pzpv.jpg|https://cdn.frazerphotos.com/22489/22489_4282_3894.jpg|https://cdn.frazerphotos.com/22489/22489_4282_3895.jpg|","Air Conditioning; Power Windows; Power Locks; Power Steering; Tilt Wheel; AM/FM CD/MP3; Satellite; Active keyless entry; Daytime Running Lights; Dual Airbags Front Head and Side; Active Seatbelts; Passenger Airbag Sensor; Crew Cab; Short Bed; All Wheel ABS; 1/2 Ton","ZERO","       0.00","https://youtu.be/cFActwcPORs","0","       0.00","    4500.00","     0","       0.00","       0.00","","Gasoline","","        "

"2C3CDXGJ7JH230452","DODGE","CHARGER","R/T 392","Automatic","RWD","Sedan","2018","4252","BLACK","RED","6.4L","8","ZERO","ZERO","   22950.00","573"," 1/16/2025","","Used","No","https://cdn.frazerphotos.com/22489/22489_000004252_3n67mgp.jpg|https://cdn.frazerphotos.com/22489/22489_000004252_ix642ns.jpg|https://cdn.frazerphotos.com/22489/22489_000004252_dj3bj8h.jpg|https://cdn.frazerphotos.com/22489/22489_000004252_o73docm.jpg|https://cdn.frazerphotos.com/22489/22489_000004252_c7ujfhn.jpg|https://cdn.frazerphotos.com/22489/22489_000004252_0uo8ajb.jpg|https://cdn.frazerphotos.com/22489/22489_000004252_bucapii.jpg|https://cdn.frazerphotos.com/22489/22489_000004252_9isg5hw.jpg|https://cdn.frazerphotos.com/22489/22489_000004252_gnglhg7.jpg|https://cdn.frazerphotos.com/22489/22489_000004252_hnemtzg.jpg|https://cdn.frazerphotos.com/22489/22489_000004252_92ajjkt.jpg|https://cdn.frazerphotos.com/22489/22489_000004252_zgyxcs4.jpg|https://cdn.frazerphotos.com/22489/22489_000004252_kab6gud.jpg|https://cdn.frazerphotos.com/22489/22489_000004252_5naaplm.jpg|https://cdn.frazerphotos.com/22489/22489_000004252_fy6kkg0.jpg|https://cdn.frazerphotos.com/22489/22489_000004252_q8c77ha.jpg|https://cdn.frazerphotos.com/22489/22489_000004252_ywqceky.jpg|https://cdn.frazerphotos.com/22489/22489_000004252_ctccbfw.jpg|https://cdn.frazerphotos.com/22489/22489_000004252_y55lqw2.jpg|https://cdn.frazerphotos.com/22489/22489_000004252_367hlu1.jpg|https://cdn.frazerphotos.com/22489/22489_000004252_r7a8npz.jpg|https://cdn.frazerphotos.com/22489/22489_000004252_l0fvs29.jpg|https://cdn.frazerphotos.com/22489/22489_000004252_tvmf5fs.jpg|https://cdn.frazerphotos.com/22489/22489_000004252_dkpfuoj.jpg|https://cdn.frazerphotos.com/22489/22489_000004252_5uldp79.jpg|https://cdn.frazerphotos.com/22489/22489_000004252_9zurr3q.jpg|https://cdn.frazerphotos.com/22489/22489_000004252_gdayt27.jpg|https://cdn.frazerphotos.com/22489/22489_000004252_ib9fb34.jpg|","Air Conditioning; Power Windows; Power Locks; Power Steering; Tilt Wheel; AM/FM CD/MP3; Satellite; Sentry Key; Keyless Entry; Alarm; Daytime Running Lights; Dual Front Airbags; Side Airbags; Head Airbags; Rear Head Airbags; Active Seatbelts; All Wheel ABS","ZERO","       0.00","","0","       0.00","   22950.00","     0","       0.00","       0.00","","Gasoline","","        "

"2C4RC3BG8LR278357","CHRYSLER","PACIFICA","TOURING L","Automatic","AWD","Van","2020","4160","GRAY","GRAY","3.6L","6","ZERO","ZERO","   13500.00","206000"," 5/25/2024","","Used","No","https://cdn.frazerphotos.com/22489/22489_000004160_nom3r2g.jpg|https://cdn.frazerphotos.com/22489/22489_000004160_x4udfrr.jpg|https://cdn.frazerphotos.com/22489/22489_000004160_5ojclbl.jpg|https://cdn.frazerphotos.com/22489/22489_000004160_z59ax0s.jpg|https://cdn.frazerphotos.com/22489/22489_000004160_zmoa7ih.jpg|https://cdn.frazerphotos.com/22489/22489_000004160_vyzp67e.jpg|https://cdn.frazerphotos.com/22489/22489_000004160_uri4ouu.jpg|https://cdn.frazerphotos.com/22489/22489_000004160_k7n907e.jpg|https://cdn.frazerphotos.com/22489/22489_000004160_8auxgnk.jpg|https://cdn.frazerphotos.com/22489/22489_000004160_3w6j9dc.jpg|https://cdn.frazerphotos.com/22489/22489_000004160_mfwx9pz.jpg|https://cdn.frazerphotos.com/22489/22489_000004160_fch7lat.jpg|https://cdn.frazerphotos.com/22489/22489_000004160_hlkidh2.jpg|https://cdn.frazerphotos.com/22489/22489_000004160_vxqs7xz.jpg|https://cdn.frazerphotos.com/22489/22489_000004160_xycszng.jpg|https://cdn.frazerphotos.com/22489/22489_000004160_sbovwhb.jpg|https://cdn.frazerphotos.com/22489/22489_000004160_3tdywdt.jpg|","Air Conditioning; Power Windows; Power Locks; Power Steering; Tilt Wheel; AM/FM CD/MP3; Satellite; Sentry Key; Keyless Entry; Alarm; Daytime Running Lights; Dual Front Airbags; Side Airbags; Head Airbags; Rear Head Airbags; Active Seatbelts; All Wheel ABS","ZERO","       0.00","https://youtu.be/ioeQF6_2XbU","0","       0.00","   13500.00","     0","       0.00","       0.00","","Gasoline","","        "

"1GNFK16Z32J205848","CHEVROLET","SUBURBAN","1500","Automatic","4WD","SUV","2002","4341","TAN","TAN","5.3L","8","ZERO","ZERO","     999.00","229066","10/08/2025","Virtual Test Drive URL: https://youtu.be/p49SH88ej9s    Just the Basics:  *Body is in fairly good condition for it's age, but it IS redneck-ified  *Tires about 40%  *3rd row, Leather, 4x4, Captains seats, Sunroof  *229k miles  *5.3 Motor sounds good and drives smoothly up through first gear.  *Suspension and brakes seem solid.   *CEL-P502 and O2 sensors-Selling cheap until I get it fixed. I will be attempting to get it looked at as soon as I can, because I DON'T think it's a bad transmission.","Used","No","https://cdn.frazerphotos.com/22489/22489_000004341_g3j1owg.jpg|https://cdn.frazerphotos.com/22489/22489_000004341_ylvmae6.jpg|https://cdn.frazerphotos.com/22489/22489_000004341_gvrc2zn.jpg|https://cdn.frazerphotos.com/22489/22489_000004341_nb26gjh.jpg|https://cdn.frazerphotos.com/22489/22489_000004341_u0mpoft.jpg|https://cdn.frazerphotos.com/22489/22489_000004341_dj2lu7v.jpg|https://cdn.frazerphotos.com/22489/22489_000004341_7wxpg68.jpg|https://cdn.frazerphotos.com/22489/22489_000004341_vkq806f.jpg|https://cdn.frazerphotos.com/22489/22489_000004341_im793l0.jpg|https://cdn.frazerphotos.com/22489/22489_000004341_xiuxtn2.jpg|https://cdn.frazerphotos.com/22489/22489_000004341_d4zj7un.jpg|https://cdn.frazerphotos.com/22489/22489_000004341_kn3zqbj.jpg|https://cdn.frazerphotos.com/22489/22489_000004341_5fe6zem.jpg|https://cdn.frazerphotos.com/22489/22489_000004341_po1f5mu.jpg|https://cdn.frazerphotos.com/22489/22489_4341_3908.jpg|https://cdn.frazerphotos.com/22489/22489_4341_3909.jpg|","Air Conditioning; Power Windows; Power Locks; Power Steering; Tilt Wheel; AM/FM CD; Daytime Running Lights; Dual Air Bags Front and Sides; Active Belts; All Wheel ABS","ZERO","       0.00","https://youtu.be/p49SH88ej9s?si=LIuJjxVI_K8III2q","0","    2961.00","     999.00","     0","       0.00","       0.00","","Gasoline","","        "

"1G6KY5294RU843489","CADILLAC","SEVILLE","STS","Automatic","FWD","Sedan","1994","4339","TAN","GREEN","4.6L","8","ZERO","ZERO","    1100.00","129467","10/08/2025","Video Test Drive (The Nitty Gritty): https://youtu.be/u7LgzbUijWI         Just the Basics:         *Great acceleration! Drives, smooth. Brakes feel very good!         *Tires are about 55% all the way around         *Per AC, in 2001, odometer may not be accurate (according to auction)         *Cosmetic flaws         *Heat/AC? I don't know how to make it work #millenialproblems         *Not the prettiest, but it seems to get the job done        *We just replaced the coolant temp sensor (which is way down in the bottom of the motor)","Used","No","https://cdn.frazerphotos.com/22489/22489_000004339_rcgaefc.jpg|https://cdn.frazerphotos.com/22489/22489_000004339_wrkujrq.jpg|https://cdn.frazerphotos.com/22489/22489_000004339_51uxbye.jpg|https://cdn.frazerphotos.com/22489/22489_000004339_5ha6yc4.jpg|https://cdn.frazerphotos.com/22489/22489_000004339_gqiyimz.jpg|https://cdn.frazerphotos.com/22489/22489_000004339_dfggmjg.jpg|https://cdn.frazerphotos.com/22489/22489_000004339_aigof8f.jpg|https://cdn.frazerphotos.com/22489/22489_000004339_xrokfgy.jpg|https://cdn.frazerphotos.com/22489/22489_000004339_sk8ijjh.jpg|https://cdn.frazerphotos.com/22489/22489_000004339_yxqeesq.jpg|https://cdn.frazerphotos.com/22489/22489_000004339_c9747l5.jpg|https://cdn.frazerphotos.com/22489/22489_4339_3910.jpg|https://cdn.frazerphotos.com/22489/22489_4339_3911.jpg|","Air Conditioning; Power Windows; Power Locks; Power Steering; Tilt Wheel; AM/FM Cassette; AM/FM CD; Pass Key Security; Dual Front Air Bag; Active Belts; All Wheel ABS","ZERO","       0.00","https://youtu.be/u7LgzbUijWI","0","       0.00","    1100.00","     0","       0.00","       0.00","","Gasoline","","        "

"2CKDL43F286034467","PONTIAC","TORRENT","AWD","Automatic","AWD","SUV","2008","4350","BLACK","WHITE","3.4L","6","ZERO","ZERO","    2000.00","188534","10/29/2025","Virtual Test Drive URL ( The Nitty Gritty): https://youtu.be/ENTP_qYs_AA?si=hK43QDfSWOKMfb77        Just the Basics:        *Tires are about 40%    *    Heat, AC, Heated Seats, current oil change    *    Pretty decent little vehicle. Drives well. Good brakes.    *    Cosmetically a little rough         *LF window inop    *    Check engine light (evap code) and ABS light (probably indicates a speed sensor/wheel bearing issue)        *A little bit of an antifreeze smell when heat is on....common issue on Equinox/Torrents. I am hoping to blow out cooling system when I get a chance. Check with me on status.","Used","No","https://cdn.frazerphotos.com/22489/22489_000004350_s9zwfac.jpg|https://cdn.frazerphotos.com/22489/22489_000004350_igbaky5.jpg|https://cdn.frazerphotos.com/22489/22489_000004350_oowlpgc.jpg|https://cdn.frazerphotos.com/22489/22489_000004350_5wvmc7s.jpg|https://cdn.frazerphotos.com/22489/22489_000004350_edhyb88.jpg|https://cdn.frazerphotos.com/22489/22489_000004350_729js2q.jpg|https://cdn.frazerphotos.com/22489/22489_000004350_tco2q0j.jpg|https://cdn.frazerphotos.com/22489/22489_000004350_pkw0u93.jpg|https://cdn.frazerphotos.com/22489/22489_000004350_nfd6eq2.jpg|https://cdn.frazerphotos.com/22489/22489_000004350_r2ttju1.jpg|https://cdn.frazerphotos.com/22489/22489_000004350_a9r4zvg.jpg|https://cdn.frazerphotos.com/22489/22489_000004350_0cjx253.jpg|https://cdn.frazerphotos.com/22489/22489_000004350_6epncdb.jpg|https://cdn.frazerphotos.com/22489/22489_000004350_o3o4yuh.jpg|https://cdn.frazerphotos.com/22489/22489_4350_3963.jpg|https://cdn.frazerphotos.com/22489/22489_4350_3964.jpg|","Air Conditioning; Power Windows; Power Locks; Power Steering; Tilt Wheel; AM/FM CD/MP3; Satellite; AM/FM CD/DVD; Keyless Entry; Alarm; Daytime Running Lights; Dual Front Airbags; Passenger Sensor; Active Belts; All Wheel ABS","ZERO","       0.00","https://youtu.be/ENTP_qYs_AA","0","       0.00","    2000.00","     0","       0.00","       0.00","","Gasoline","","        "

"1FTFW1ET9CKE21242","FORD","F150","SUPERCREW","Automatic","4WD","Truck","2012","4348","TAN","SILVER","3.5L","6","ZERO","ZERO","    4700.00","190887","10/29/2025","Virtual Test Drive URL (The Nitty Gritty): https://youtu.be/Oui-386JdSM?si=URyHdQfYSqTqgflK        Just the Basics:    *    Tires about 50%      *  Pretty decent looking truck for a Ford--still has some cosmetic flaws, but overall better than most    *    AC, Heat, 4x4    *    Truck drives well and shifts through the gears like it should.      *Has good power and is smooth.    *    Check engine light P012 is the only one that returned after test drive so far.    *    The auction said a ''misfire on startup'' for cylinder 2,  an ''O2 sensor code'', ''tire vibration at highway speeds'' and ''possible cam phaser noise,'' though they didn't hear any cam noises--Take all that as you will, from driving it, didn't seem like much to me, but passing along the info. :)","Used","No","https://cdn.frazerphotos.com/22489/22489_000004348_eu4cpfe.jpg|https://cdn.frazerphotos.com/22489/22489_000004348_zk5aymd.jpg|https://cdn.frazerphotos.com/22489/22489_000004348_6uzxt4j.jpg|https://cdn.frazerphotos.com/22489/22489_000004348_70lg1e3.jpg|https://cdn.frazerphotos.com/22489/22489_000004348_qxf47u1.jpg|https://cdn.frazerphotos.com/22489/22489_000004348_3cjducj.jpg|https://cdn.frazerphotos.com/22489/22489_000004348_fhppjde.jpg|https://cdn.frazerphotos.com/22489/22489_000004348_s9r0hdm.jpg|https://cdn.frazerphotos.com/22489/22489_000004348_174knm7.jpg|https://cdn.frazerphotos.com/22489/22489_000004348_myz0nfa.jpg|https://cdn.frazerphotos.com/22489/22489_000004348_vmpv7dn.jpg|https://cdn.frazerphotos.com/22489/22489_000004348_s3i4r82.jpg|https://cdn.frazerphotos.com/22489/22489_4348_3959.jpg|https://cdn.frazerphotos.com/22489/22489_4348_3960.jpg|","Air Conditioning; Power Windows; Power Locks; Power Steering; Tilt Wheel; AM/FM; AM/FM CD/MP3; Satellite; Sentry Key; Keyless Entry; Alarm; Available; Dual Front Airbags; Side Airbags; Head Airbags; Rear Head Airbags; Active Seatbelts; Crew Cab; Regular Bed; All Wheel ABS; 1/2 Ton","ZERO","       0.00","https://youtu.be/Oui-386JdSM","0","       0.00","    4700.00","     0","       0.00","       0.00","","Gasoline","","        "

"1FMJK2A52AEA64187","FORD","EXPEDITION","EL LIMITED","Automatic","4WD","SUV","2010","4353","BLACK","BLACK","5.4L","8","ZERO","ZERO","    3500.00","220782","11/05/2025","Virtual Test Drive (The Nitty Gritty): https://youtu.be/i-5WEVJfn90         Just the Basics:         *This vehicle drives PHENOMENAL!   I have personally driven this one around quite a bit since we got it hauling around my monsters.       *Limited, EL Sunroof, DVD player, Automatic Rear Hatch/Rear Seats, 4x4, etc!         *Heat, AC, Heated and Cooled Seats         *Lays completely flat for storage!         *Has an exhaust leak that sounds like manifold location         *Has a backup camera, but doesn't show the feed (?)    *We installed a couple new pulleys and a serpentine belt","Used","No","https://cdn.frazerphotos.com/22489/22489_000004353_gi9gjp2.jpg|https://cdn.frazerphotos.com/22489/22489_000004353_5ot96p7.jpg|https://cdn.frazerphotos.com/22489/22489_000004353_e6le1j9.jpg|https://cdn.frazerphotos.com/22489/22489_000004353_cvvfkrx.jpg|https://cdn.frazerphotos.com/22489/22489_000004353_3hkq6tt.jpg|https://cdn.frazerphotos.com/22489/22489_000004353_q9flq50.jpg|https://cdn.frazerphotos.com/22489/22489_000004353_qkebbo7.jpg|https://cdn.frazerphotos.com/22489/22489_000004353_2s94vs9.jpg|https://cdn.frazerphotos.com/22489/22489_000004353_fi0hkix.jpg|https://cdn.frazerphotos.com/22489/22489_000004353_0jseixl.jpg|https://cdn.frazerphotos.com/22489/22489_000004353_p7af94j.jpg|https://cdn.frazerphotos.com/22489/22489_000004353_vp264op.jpg|https://cdn.frazerphotos.com/22489/22489_000004353_qv3adk3.jpg|https://cdn.frazerphotos.com/22489/22489_000004353_8wmzzjc.jpg|https://cdn.frazerphotos.com/22489/22489_000004353_wszdkel.jpg|https://cdn.frazerphotos.com/22489/22489_000004353_e7ce7kk.jpg|https://cdn.frazerphotos.com/22489/22489_000004353_a72x8n4.jpg|https://cdn.frazerphotos.com/22489/22489_4353_3951.jpg|https://cdn.frazerphotos.com/22489/22489_4353_3952.jpg|","Air Conditioning; Power Windows; Power Locks; Power Steering; Tilt Wheel; AM/FM CD/MP3; AM/FM CD/DVD; Satellite; Immobilizer; Keyless Entry; Alarm; Available; Dual Front Airbags; Side Airbags; Head Airbags; Rear Head Airbags; Active Seatbelts; All Wheel ABS","ZERO","       0.00","https://youtu.be/i-5WEVJfn90","0","       0.00","    3500.00","     0","       0.00","       0.00","","Gasoline","","        "

"4A3AB36F58E014953","MITSUBISHI","GALANT","ES","Automatic","FWD","Sedan","2008","4351","GRAY","GRAY","2.4L","4","ZERO","ZERO","    1800.00","250429","10/31/2025","Virtual Test Drive URL (The Nitty Gritty): https://youtu.be/Rx6xdLwyhU8?si=trMjMaGPkvYYdjiu        Just the Basics:    *    Tires about 50% all the way around    *    No check engine lights!     *Current oil change.      *  Heat works well.     *Tire pressure sensor light.    *    Drives very well. Smooth and straight. Good brakes. Tight suspension.    *    Auction said ''engine tick''-listen to video    *    Auction said ''frame rust''. All I see is rusty rockers and a stretched tow point-see video.      *  LR window inop","Used","No","https://cdn.frazerphotos.com/22489/22489_000004351_9pzqf4v.jpg|https://cdn.frazerphotos.com/22489/22489_000004351_mddpme3.jpg|https://cdn.frazerphotos.com/22489/22489_000004351_13grcz8.jpg|https://cdn.frazerphotos.com/22489/22489_000004351_9j1tfxc.jpg|https://cdn.frazerphotos.com/22489/22489_000004351_5mr2nd4.jpg|https://cdn.frazerphotos.com/22489/22489_000004351_vm1y4jc.jpg|https://cdn.frazerphotos.com/22489/22489_000004351_py6n9p2.jpg|https://cdn.frazerphotos.com/22489/22489_000004351_41ayby1.jpg|https://cdn.frazerphotos.com/22489/22489_000004351_s9ca4jx.jpg|https://cdn.frazerphotos.com/22489/22489_000004351_4oki0ou.jpg|https://cdn.frazerphotos.com/22489/22489_000004351_2rkv3t4.jpg|https://cdn.frazerphotos.com/22489/22489_4351_3961.jpg|https://cdn.frazerphotos.com/22489/22489_4351_3962.jpg|","Air Conditioning; Power Windows; Power Locks; Power Steering; Tilt Wheel; AM/FM CD/MP3; Satellite; Immobilizer; Keyless Entry; Available; Dual Front Airbags; Side Airbags; Head Airbags; Rear Head Airbags; Active Seatbelts; All Wheel ABS","ZERO","       0.00","https://youtu.be/Rx6xdLwyhU8","0","       0.00","    1800.00","     0","       0.00","       0.00","","Gasoline","","        "

"1FTRX14W37KB64185","FORD","F150","XLT","Automatic","4WD","Truck","2007","4347","GRAY","BLACK","4.6L","8","ZERO","ZERO","    1800.00","187577","10/23/2025","Virtual Test Drive URL (The Nitty Gritty): https://youtu.be/6B7RzV6WY0I?si=v6b4qcuVgV2KASQN        Just the Basics:    *    Tires about 35%        *Truck, runs, drives and shifts well!     *Heat and AC both work. 4x4. Brakes and suspension seem solid.    *    Radio inop-may not be fully plugged in. It looks like someone put factory system back in to trade it, but maybe didn't care to hook it up?        *Check engine light-P420 (evap code), P0193 (fuel rail pressure circuit high)    *    Auction said ''rusty frame''--take a look at this. Definitely will need attention although it drives straight and true-not like it looks.       *Great get around truck! Will take some love, but should go for a long time after that.","Used","No","https://cdn.frazerphotos.com/22489/22489_000004347_iq6kqa6.jpg|https://cdn.frazerphotos.com/22489/22489_000004347_0oa0rm5.jpg|https://cdn.frazerphotos.com/22489/22489_000004347_ikccy59.jpg|https://cdn.frazerphotos.com/22489/22489_000004347_il03gu5.jpg|https://cdn.frazerphotos.com/22489/22489_000004347_fozdths.jpg|https://cdn.frazerphotos.com/22489/22489_000004347_v22rilt.jpg|https://cdn.frazerphotos.com/22489/22489_000004347_d2xyvoj.jpg|https://cdn.frazerphotos.com/22489/22489_000004347_ldylltu.jpg|https://cdn.frazerphotos.com/22489/22489_000004347_164e7y0.jpg|https://cdn.frazerphotos.com/22489/22489_000004347_yj3qzua.jpg|https://cdn.frazerphotos.com/22489/22489_000004347_rgdjkls.jpg|https://cdn.frazerphotos.com/22489/22489_4347_3969.jpg|https://cdn.frazerphotos.com/22489/22489_4347_3970.jpg|","Air Conditioning; Power Windows; Power Locks; Power Steering; Tilt Wheel; AM/FM CD/MP3; AM/FM CD/DVD; Satellite; Immobilizer; Keyless Entry; Available; Dual Front Air Bag; Active Belts; Extended Cab; Regular Bed; All Wheel ABS; 1/2 Ton","ZERO","       0.00","https://youtu.be/6B7RzV6WY0I?si=WFIR3qMZsuLRBY1W","0","       0.00","    1800.00","     0","       0.00","       0.00","","Gasoline","","        "

"1FTFW1EV7AFD09143","FORD","F150","SUPERCREW","Automatic","4WD","Pick-Up","2010","4208","GRAY","RED","5.4L","8","ZERO","ZERO","    3750.00","107835","10/09/2024","Video Test Drive (The Nitty Gritty): https://youtu.be/CyQg3OJstr4     Just The Basics:     Good Tires Runs and Drives Well.   Good Suspension. Good Brakes.   Brand new tube and dipstick INSTALLED. Fresh oil change.  Power Steering A Little Tight-I'm assuming the rack or pump is getting worn  AC Doesn't blow cold    Odometer TMU (True Miles Unknown) according to auction (Likely 200K according to CarFax)","Used","No","https://cdn.frazerphotos.com/22489/22489_000004208_eiohg83.jpg|https://cdn.frazerphotos.com/22489/22489_000004208_u50z3rx.jpg|https://cdn.frazerphotos.com/22489/22489_000004208_2wlnxdf.jpg|https://cdn.frazerphotos.com/22489/22489_000004208_liqpsyo.jpg|https://cdn.frazerphotos.com/22489/22489_000004208_wf32vrk.jpg|https://cdn.frazerphotos.com/22489/22489_000004208_8k18zyo.jpg|https://cdn.frazerphotos.com/22489/22489_000004208_zbyy893.jpg|https://cdn.frazerphotos.com/22489/22489_4208_3932.jpg|https://cdn.frazerphotos.com/22489/22489_4208_3933.jpg|","Air Conditioning; Available; Power Steering; Tilt Wheel; AM/FM; AM/FM CD/MP3; Satellite; Immobilizer; Keyless Entry; Available; Dual Front Airbags; Side Airbags; Head Airbags; Rear Head Airbags; Active Seatbelts; Crew Cab; Regular Bed; All Wheel ABS; 1/2 Ton","ZERO","       0.00","https://youtu.be/CyQg3OJstr4?si=A4cOzKZXL-wkWm3-","0","   13263.00","    3750.00","     0","       0.00","       0.00","","Gasoline","","        "

"1G1PC5SB0E7186910","CHEVROLET","CRUZE","LT","Automatic","FWD","Sedan","2014","4354","","BLUE","1.4L","4","ZERO","ZERO","    2000.00","162459","11/19/2025","Video Test Drive URL (The Nitty Gritty): https://youtu.be/p6nQjJNlaf8        Just the Basics:        *Well.....It's a 1.4 Chevy Cruze and it runs and drives        *It has brand new bolts under the hood on the engine cover, so I'm assuming that someone already did the big job that these typically have and completed the timing and head gaskets. (According the computer, timing degrees are on par with specs).    *    Body has a few dings, but overall it's decent.     *Everything inside works (buttons, heat, windows, etc)        *Suspension seems good. Brakes are fine. Tires are okay.     *    Check engine light shows a couple exhaust codes and auction mentioned a couple others that haven't shown up. Check with me to see if any of this has materialized. Otherwise, I'm fairly impressed with it for what it is.","Used","No","https://cdn.frazerphotos.com/22489/22489_000004354_r3s662y.jpg|https://cdn.frazerphotos.com/22489/22489_000004354_9hjjcxs.jpg|https://cdn.frazerphotos.com/22489/22489_000004354_d9of55d.jpg|https://cdn.frazerphotos.com/22489/22489_000004354_e96duj2.jpg|https://cdn.frazerphotos.com/22489/22489_000004354_iju83kl.jpg|https://cdn.frazerphotos.com/22489/22489_000004354_wrl77w3.jpg|https://cdn.frazerphotos.com/22489/22489_000004354_kt26laf.jpg|https://cdn.frazerphotos.com/22489/22489_000004354_eug8f2s.jpg|https://cdn.frazerphotos.com/22489/22489_000004354_97xj620.jpg|https://cdn.frazerphotos.com/22489/22489_000004354_jg64ky7.jpg|https://cdn.frazerphotos.com/22489/22489_000004354_8vp9ygv.jpg|https://cdn.frazerphotos.com/22489/22489_4354_3967.jpg|https://cdn.frazerphotos.com/22489/22489_4354_3968.jpg|https://cdn.frazerphotos.com/22489/22489_000004354_ngvu3fi.jpg|","Long Conventional Cab","ZERO","       0.00","https://youtu.be/p6nQjJNlaf8","0","       0.00","    2000.00","     0","       0.00","       0.00","","Gasoline","","        "

"5NPEU46F36H029758","HYUNDAI","SONATA","GLS","Automatic","FWD","Sedan","2006","4359","TAN","MAROON","3.3L","6","ZERO","ZERO","    2500.00","188516","11/25/2025","Video Test Drive URL (The Nitty Gritty): https://youtu.be/hVdMhWeTrMA        Just the Basics:    *    Tires are all matching Cooper 45% tread    *    Oil change is current and not due until April '26    *    Runs and drives very well!    *    No check engine lights     *Heat, Heated Seats, Sunroof, Leather    *    Exhaust A LITTLE bit louder, No radio, Wiper fluid doesn't spray","Used","No","https://cdn.frazerphotos.com/22489/22489_000004359_xkv8ewe.jpg|https://cdn.frazerphotos.com/22489/22489_000004359_rqasngi.jpg|https://cdn.frazerphotos.com/22489/22489_000004359_q239ngj.jpg|https://cdn.frazerphotos.com/22489/22489_000004359_81lhogz.jpg|https://cdn.frazerphotos.com/22489/22489_000004359_pzhnko4.jpg|https://cdn.frazerphotos.com/22489/22489_000004359_4q4g8tx.jpg|https://cdn.frazerphotos.com/22489/22489_000004359_z6zfwxv.jpg|https://cdn.frazerphotos.com/22489/22489_000004359_lv4u9a3.jpg|https://cdn.frazerphotos.com/22489/22489_000004359_qix70on.jpg|https://cdn.frazerphotos.com/22489/22489_000004359_48gsrmc.jpg|https://cdn.frazerphotos.com/22489/22489_000004359_s11rn01.jpg|https://cdn.frazerphotos.com/22489/22489_000004359_ahoxz04.jpg|https://cdn.frazerphotos.com/22489/22489_4359_3965.jpg|https://cdn.frazerphotos.com/22489/22489_4359_3966.jpg|","Air Conditioning; Power Windows; Power Locks; Power Steering; Tilt Wheel; AM/FM CD; Dual Air Bags Front and Sides; Active Belts; All Wheel ABS","ZERO","       0.00","https://youtu.be/hVdMhWeTrMA","0","       0.00","    2500.00","     0","       0.00","       0.00","","Gasoline","","        "

"1FTPW14V66KC58545","FORD","F150","SUPERCREW","Automatic","4WD","Truck","2006","4361","TAN","GREEN","5.4L","8","ZERO","ZERO","    2000.00","166290","12/09/2025","Video Test Drive URL: https://youtu.be/iVsC5pcitB0    Just the Basics:  *Rough looking truck on the outside, but it's detailed on the inside  *Under the hood looks clean and well maintained with potentially new plugs and coils  *Rusty area on the frame rail that will need attention  BUT....  *The truck drives well  *4x4, Heat and AC work  *It has good power and acceleration  *Brakes and suspension are smooth  SO....  If you can avoid judging a book by it's cover and you don't need to impress your neighbors...this is your next truck!","Used","No","https://cdn.frazerphotos.com/22489/22489_000004361_lcqewf2.jpg|https://cdn.frazerphotos.com/22489/22489_000004361_gqqe18p.jpg|https://cdn.frazerphotos.com/22489/22489_000004361_dbo89dv.jpg|https://cdn.frazerphotos.com/22489/22489_000004361_b3wnflt.jpg|https://cdn.frazerphotos.com/22489/22489_000004361_ommcyqo.jpg|https://cdn.frazerphotos.com/22489/22489_000004361_wn748mv.jpg|https://cdn.frazerphotos.com/22489/22489_000004361_lcemcm0.jpg|https://cdn.frazerphotos.com/22489/22489_000004361_1ocpiop.jpg|https://cdn.frazerphotos.com/22489/22489_000004361_9kmlbfj.jpg|https://cdn.frazerphotos.com/22489/22489_000004361_wcqsnh6.jpg|https://cdn.frazerphotos.com/22489/22489_000004361_3zredw3.jpg|https://cdn.frazerphotos.com/22489/22489_000004361_xgtuyj0.jpg|https://cdn.frazerphotos.com/22489/22489_4361_3973.jpg|https://cdn.frazerphotos.com/22489/22489_4361_3974.jpg|","Air Conditioning; Power Windows; Power Locks; Power Steering; Tilt Wheel; AM/FM CD; AM/FM Cassette/CD; AM/FM CD/MP3; Immobilizer; Keyless Entry; Available; Dual Front Air Bag; Active Belts; Crew Cab; Regular Bed; All Wheel ABS; 1/2 Ton","ZERO","       0.00","https://youtu.be/iVsC5pcitB0","0","       0.00","    2000.00","     0","       0.00","       0.00","","Gasoline","","        "

"2CNDL63FX66097571","CHEVROLET","EQUINOX","LT","Automatic","FWD","SUV","2006","4362","GRAY","BLACK","3.4L","6","ZERO","ZERO","    1700.00","243814","12/09/2025","Virtual Test Drive URL: https://youtu.be/zWiurDfBAx0    Just the Basics:  *243k miles  *Looks like it has some newer parts on the engine--ignition wires, coolant hose, struts, ac lines (not the heater core as I thought in the video)  *Motor sounds good and it drives well.   *The body is a little rough and it needs a good cleaning.   *Tires have about 25% tread left  *CEL","Used","No","https://cdn.frazerphotos.com/22489/22489_000004362_kcvllau.jpg|https://cdn.frazerphotos.com/22489/22489_000004362_v76gahn.jpg|https://cdn.frazerphotos.com/22489/22489_000004362_3m06304.jpg|https://cdn.frazerphotos.com/22489/22489_000004362_otlweul.jpg|https://cdn.frazerphotos.com/22489/22489_000004362_tpb215j.jpg|https://cdn.frazerphotos.com/22489/22489_000004362_21d2c9o.jpg|https://cdn.frazerphotos.com/22489/22489_000004362_az01eeg.jpg|https://cdn.frazerphotos.com/22489/22489_000004362_k512ygp.jpg|https://cdn.frazerphotos.com/22489/22489_000004362_inus75y.jpg|https://cdn.frazerphotos.com/22489/22489_000004362_ymf6zo0.jpg|https://cdn.frazerphotos.com/22489/22489_000004362_1v0f2qm.jpg|https://cdn.frazerphotos.com/22489/22489_000004362_617qeq1.jpg|https://cdn.frazerphotos.com/22489/22489_000004362_igqhtdr.jpg|","Air Conditioning; Power Windows; Power Locks; Power Steering; Tilt Wheel; AM/FM CD; AM/FM CD/MP3; Satellite; Keyless Entry; Alarm; Daytime Running Lights; Dual Front Air Bag; Active Belts; All Wheel ABS","ZERO","       0.00","https://youtu.be/zWiurDfBAx0","0","       0.00","    1700.00","     0","       0.00","       0.00","","Gasoline","","        "

"1C4NJPCB0CD515540","JEEP","PATRIOT","LIMITED","Continuously Variable","FWD","SUV","2012","4371","BLACK","WHITE","2.4L","4","ZERO","ZERO","    2000.00","144163","12/10/2025","Video Test Drive URL: https://youtu.be/rnDSvKDwkts    Just the Basics:  *Body has some ''character'' to it inside and out.  *Tires are about 35% to 40%  *Limited-Heat, AC, Heated Seats, Leather  *Motor sounds good and suspension and brakes feel good.   *CEL-Communication error between TCM and PCM. Personally, I think it can be fixed with an $85 TCM from Ebay, but a little more research needs to be done.   *Still driveable as a grocery getter","Used","No","https://cdn.frazerphotos.com/22489/22489_000004371_xse41mn.jpg|https://cdn.frazerphotos.com/22489/22489_000004371_zbhn2ub.jpg|https://cdn.frazerphotos.com/22489/22489_000004371_9n0ef97.jpg|https://cdn.frazerphotos.com/22489/22489_000004371_n9p8m5n.jpg|https://cdn.frazerphotos.com/22489/22489_000004371_47p3dq3.jpg|https://cdn.frazerphotos.com/22489/22489_000004371_jephar5.jpg|https://cdn.frazerphotos.com/22489/22489_000004371_f9e5y3f.jpg|https://cdn.frazerphotos.com/22489/22489_000004371_b1nthtz.jpg|https://cdn.frazerphotos.com/22489/22489_000004371_1do8lhr.jpg|https://cdn.frazerphotos.com/22489/22489_000004371_1zo8hzd.jpg|https://cdn.frazerphotos.com/22489/22489_000004371_nrtk30c.jpg|https://cdn.frazerphotos.com/22489/22489_000004371_aji2ab2.jpg|https://cdn.frazerphotos.com/22489/22489_4371_3991.jpg|https://cdn.frazerphotos.com/22489/22489_4371_3992.jpg|","Air Conditioning; Power Windows; Power Locks; Power Steering; Tilt Wheel; AM/FM CD/MP3; Satellite; Immobilizer; Keyless Entry; Available; Dual Airbags Front Head and Side; Active Seatbelts; Passenger Airbag Sensor; Dual Rear Side Airbag; All Wheel ABS","ZERO","       0.00","https://youtu.be/rnDSvKDwkts","0","       0.00","    2000.00","     0","       0.00","       0.00","","Gasoline","","        "

"2GNALPEK5C1137109","CHEVROLET","EQUINOX","LT","Automatic","FWD","SUV","2012","4364","BLACK","GOLD","2.4L","4","ZERO","ZERO","    3500.00","109295","12/18/2025","Video Test Drive URL: https://youtu.be/iM4yCL3Mh0E    Just the Basics:  *Good-looking body  *109k miles  *Motor sounds good and drives smooth  *Suspension and brakes seem solid  *Tires with 50% to 75% tread  *Rusty rockers and louder exhaust  *CEL","Used","No","https://cdn.frazerphotos.com/22489/22489_000004364_k1b8o15.jpg|https://cdn.frazerphotos.com/22489/22489_000004364_f4k58qg.jpg|https://cdn.frazerphotos.com/22489/22489_000004364_vlks14w.jpg|https://cdn.frazerphotos.com/22489/22489_000004364_q523f18.jpg|https://cdn.frazerphotos.com/22489/22489_000004364_uunygzs.jpg|https://cdn.frazerphotos.com/22489/22489_000004364_quydb8n.jpg|https://cdn.frazerphotos.com/22489/22489_000004364_ls1fl9v.jpg|https://cdn.frazerphotos.com/22489/22489_000004364_tn8fsy5.jpg|https://cdn.frazerphotos.com/22489/22489_000004364_91dhjnz.jpg|https://cdn.frazerphotos.com/22489/22489_000004364_v71hmk9.jpg|https://cdn.frazerphotos.com/22489/22489_000004364_gvmmdq3.jpg|https://cdn.frazerphotos.com/22489/22489_000004364_i0re5k2.jpg|https://cdn.frazerphotos.com/22489/22489_000004364_fyhvapv.jpg|","Air Conditioning; Power Windows; Power Locks; Power Steering; Tilt Wheel; AM/FM CD/MP3; Satellite; Immobilizer; Keyless Entry; Alarm; Daytime Running Lights; Dual Airbags Front Head and Side; Active Seatbelts; Passenger Airbag Sensor; All Wheel ABS","ZERO","       0.00","https://youtu.be/iM4yCL3Mh0E","0","       0.00","    3500.00","     0","       0.00","       0.00","","Gasoline","","        "

"1FTFW1ET9CFB82266","FORD","F150","SUPERCREW","Automatic","4WD","Truck","2012","4367","GRAY","GREEN","3.5L","6","ZERO","ZERO","    4700.00","194825","12/23/2025","Video Test Drive URL: https://youtu.be/qaZExe_INtQ        Just the Basics:        *3.5 EcoBoost, 4x4, Winch        *Tires about 75% tread        *Heat/AC        *Runs and drives well.     *Suspension/Brakes solid.        *CEL? ''Key in Switch''?        *Minor cosmetic imperfections-''20 ft truck''","Used","No","https://cdn.frazerphotos.com/22489/22489_000004367_8o3lkwz.jpg|https://cdn.frazerphotos.com/22489/22489_000004367_tbg4s5k.jpg|https://cdn.frazerphotos.com/22489/22489_000004367_7ns77oi.jpg|https://cdn.frazerphotos.com/22489/22489_000004367_sybvuqd.jpg|https://cdn.frazerphotos.com/22489/22489_000004367_d3fq8g3.jpg|https://cdn.frazerphotos.com/22489/22489_000004367_x4kjldj.jpg|https://cdn.frazerphotos.com/22489/22489_000004367_wxcrynf.jpg|https://cdn.frazerphotos.com/22489/22489_000004367_96hlebg.jpg|https://cdn.frazerphotos.com/22489/22489_000004367_1kknyse.jpg|https://cdn.frazerphotos.com/22489/22489_000004367_qr1qzu7.jpg|https://cdn.frazerphotos.com/22489/22489_000004367_saccqnj.jpg|https://cdn.frazerphotos.com/22489/22489_000004367_7c1wxfn.jpg|https://cdn.frazerphotos.com/22489/22489_000004367_4bzegih.jpg|https://cdn.frazerphotos.com/22489/22489_000004367_jxuu271.jpg|https://cdn.frazerphotos.com/22489/22489_4367_3979.jpg|https://cdn.frazerphotos.com/22489/22489_4367_3980.jpg|","Air Conditioning; Power Windows; Power Locks; Power Steering; Tilt Wheel; AM/FM; AM/FM CD/MP3; Satellite; Sentry Key; Keyless Entry; Alarm; Available; Dual Front Airbags; Side Airbags; Head Airbags; Rear Head Airbags; Active Seatbelts; Crew Cab; Regular Bed; All Wheel ABS; 1/2 Ton","ZERO","       0.00","https://youtu.be/qaZExe_INtQ","0","       0.00","    4700.00","     0","       0.00","       0.00","","Gasoline","","        "

"1J4BA6D18BL543992","JEEP","WRANGLER","RUBICON","4-Speed Manual","4WD","SUV","2011","4368","BLACK","BLACK","3.8L","6","ZERO","ZERO","    4800.00","144548","12/23/2025","Video Test Drive URL: https://youtu.be/GnntIFw-Fgc        Just the Basics:        * The body looks pretty decent with some upgraded fender flares, a deer slayer, and some spotlights.        * Drives really well despite the typical Jeep ''rough ride''        * 144k miles        * The tires don't have much tread left on them, but the spare is in good condition.        * The interior could use some cleaning and the windshield is cracked. Exhaust is a little louder.         * A couple lights on the dash, Radio inop-replacement suggested :)","Used","No","https://cdn.frazerphotos.com/22489/22489_000004368_g4xttp9.jpg|https://cdn.frazerphotos.com/22489/22489_000004368_z28j3wt.jpg|https://cdn.frazerphotos.com/22489/22489_000004368_2puj21g.jpg|https://cdn.frazerphotos.com/22489/22489_000004368_v3fkc44.jpg|https://cdn.frazerphotos.com/22489/22489_000004368_1d7vxex.jpg|https://cdn.frazerphotos.com/22489/22489_000004368_trhnz52.jpg|https://cdn.frazerphotos.com/22489/22489_000004368_2z98bru.jpg|https://cdn.frazerphotos.com/22489/22489_000004368_cxwsy8t.jpg|https://cdn.frazerphotos.com/22489/22489_000004368_u0us5id.jpg|https://cdn.frazerphotos.com/22489/22489_000004368_gwulood.jpg|https://cdn.frazerphotos.com/22489/22489_000004368_tfgb17p.jpg|","Air Conditioning; Power Windows; Power Locks; Power Steering; Tilt Wheel; AM/FM CD/MP3; Satellite; AM/FM CD/DVD; Sentry Key; Keyless Entry; Alarm; Dual Front Airbags; Passenger Sensor; Active Belts; All Wheel ABS; Retractable Roof Panel","ZERO","       0.00","https://youtu.be/GnntIFw-Fgc","0","       0.00","    4800.00","     0","       0.00","       0.00","","Gasoline","","        "

"1FTEW1CM7DFB99933","FORD","F150","SUPERCREW","Automatic","RWD","Truck","2013","4372","GRAY","SILVER","3.7L","6","ZERO","ZERO","    3200.00","236023"," 1/13/2026","If there is no description here, call/text Miriam 309-267-7200 or Matt 309-337-1049. We are likely working on getting it here as quickly as possible.","Used","No","https://cdn.frazerphotos.com/22489/22489_000004372_tnzh10h.jpg|https://cdn.frazerphotos.com/22489/22489_000004372_4k4ooll.jpg|https://cdn.frazerphotos.com/22489/22489_000004372_152a98l.jpg|https://cdn.frazerphotos.com/22489/22489_000004372_9xwp8iv.jpg|https://cdn.frazerphotos.com/22489/22489_000004372_d5s331i.jpg|https://cdn.frazerphotos.com/22489/22489_000004372_9vpyz8j.jpg|https://cdn.frazerphotos.com/22489/22489_000004372_ueuev6y.jpg|https://cdn.frazerphotos.com/22489/22489_000004372_cqthkl7.jpg|https://cdn.frazerphotos.com/22489/22489_000004372_qccfore.jpg|https://cdn.frazerphotos.com/22489/22489_000004372_a5nfhwx.jpg|https://cdn.frazerphotos.com/22489/22489_000004372_4qsy578.jpg|https://cdn.frazerphotos.com/22489/22489_000004372_1giyuko.jpg|","Air Conditioning; Power Windows; Power Locks; Power Steering; Tilt Wheel; AM/FM; AM/FM CD/MP3; Satellite; Sentry Key; Keyless Entry; Alarm; Available; Dual Front Airbags; Side Airbags; Head Airbags; Rear Head Airbags; Active Seatbelts; Crew Cab; Regular Bed; All Wheel ABS; 1/2 Ton","ZERO","       0.00","https://youtu.be/HkoHUXbwSCw","0","       0.00","    3200.00","     0","       0.00","       0.00","","Gasoline","","        "

"2D8GZ47VX7H681692","DODGE","MAGNUM","SXT","Automatic","AWD","SUV","2007","4374","GRAY","SILVER","3.5L","6","ZERO","ZERO","    1500.00","274524"," 1/13/2026","If there is no description here, call/text Miriam 309-267-7200 or Matt 309-337-1049. We are likely working on getting it here as quickly as possible.","Used","No","https://cdn.frazerphotos.com/22489/22489_000004374_cgrtaqw.jpg|https://cdn.frazerphotos.com/22489/22489_000004374_j29prv1.jpg|https://cdn.frazerphotos.com/22489/22489_000004374_pahpkw0.jpg|https://cdn.frazerphotos.com/22489/22489_000004374_co7v20m.jpg|https://cdn.frazerphotos.com/22489/22489_000004374_yeogzpq.jpg|https://cdn.frazerphotos.com/22489/22489_000004374_cv394ed.jpg|https://cdn.frazerphotos.com/22489/22489_000004374_7qnbq9t.jpg|https://cdn.frazerphotos.com/22489/22489_000004374_yak1f2z.jpg|https://cdn.frazerphotos.com/22489/22489_000004374_nofi85h.jpg|https://cdn.frazerphotos.com/22489/22489_000004374_s7zrf7u.jpg|https://cdn.frazerphotos.com/22489/22489_000004374_drjrecw.jpg|https://cdn.frazerphotos.com/22489/22489_000004374_1q8q6jy.jpg|https://cdn.frazerphotos.com/22489/22489_000004374_ihcci1f.jpg|https://cdn.frazerphotos.com/22489/22489_4374_3996.jpg|https://cdn.frazerphotos.com/22489/22489_4374_3997.jpg|","Air Conditioning; Power Windows; Power Locks; Power Steering; Tilt Wheel; AM/FM CD; AM/FM CD/MP3; Satellite; Sentry Key; Keyless Entry; Available; Dual Airbags Front Head and Side; Active Seatbelts; Passenger Airbag Sensor; Dual Rear Side Airbag; All Wheel ABS","ZERO","       0.00","https://youtu.be/bYNb1VbqGs4","0","       0.00","    1500.00","     0","       0.00","       0.00","","Gasoline","","        "

"1G1JE6SB0E4223025","CHEVROLET","SONIC","LTZ","Automatic","FWD","Hatchback","2014","4373","GRAY","RED","1.4L","4","ZERO","ZERO","    3500.00","182179"," 1/13/2026","If there is no description here, call/text Miriam 309-267-7200 or Matt 309-337-1049. We are likely working on getting it here as quickly as possible.","Used","No","https://cdn.frazerphotos.com/22489/22489_000004373_fqtocrv.jpg|https://cdn.frazerphotos.com/22489/22489_000004373_l3mztqa.jpg|https://cdn.frazerphotos.com/22489/22489_000004373_xj821ff.jpg|https://cdn.frazerphotos.com/22489/22489_000004373_lo71x89.jpg|https://cdn.frazerphotos.com/22489/22489_000004373_23l9p6h.jpg|https://cdn.frazerphotos.com/22489/22489_000004373_l5d1i4x.jpg|https://cdn.frazerphotos.com/22489/22489_000004373_ejlhhip.jpg|https://cdn.frazerphotos.com/22489/22489_000004373_is8tarh.jpg|https://cdn.frazerphotos.com/22489/22489_000004373_979s5if.jpg|https://cdn.frazerphotos.com/22489/22489_000004373_ub54g9u.jpg|https://cdn.frazerphotos.com/22489/22489_000004373_zu6wds5.jpg|https://cdn.frazerphotos.com/22489/22489_000004373_6vasr7v.jpg|https://cdn.frazerphotos.com/22489/22489_4373_3995.jpg|https://cdn.frazerphotos.com/22489/22489_000004373_ez9v2kv.jpg|","Air Conditioning; Power Windows; Power Locks; Power Steering; Tilt Wheel; AM/FM CD/MP3; Satellite; Keyless Entry; Alarm; Daytime Running Lights; Dual Airbags Front Head and Side; Active Seatbelts; Passenger Airbag Sensor; Dual Rear Side Airbag; All Wheel ABS","ZERO","       0.00","https://youtu.be/dowNT3Dmwto","0","       0.00","    3500.00","     0","       0.00","       0.00","","Gasoline","","        "

"1GKDT13S672158275","GMC","ENVOY","SLE","Automatic","4WD","SUV","2007","4375","TAN","MAROON","4.2L","6","ZERO","ZERO","    3000.00","217887"," 1/20/2026","If there is no description here, call/text Miriam 309-267-7200 or Matt 309-337-1049. We are likely working on getting it here as quickly as possible.","Used","No","https://cdn.frazerphotos.com/22489/22489_000004375_mngubwz.jpg|https://cdn.frazerphotos.com/22489/22489_000004375_y0dvg2x.jpg|https://cdn.frazerphotos.com/22489/22489_000004375_qx5fq8u.jpg|https://cdn.frazerphotos.com/22489/22489_000004375_1uk6ml7.jpg|https://cdn.frazerphotos.com/22489/22489_000004375_4rczqer.jpg|https://cdn.frazerphotos.com/22489/22489_000004375_owdg8o7.jpg|https://cdn.frazerphotos.com/22489/22489_000004375_k31losd.jpg|https://cdn.frazerphotos.com/22489/22489_000004375_hbus8ze.jpg|https://cdn.frazerphotos.com/22489/22489_000004375_nbxm8t2.jpg|https://cdn.frazerphotos.com/22489/22489_000004375_0mjd6l9.jpg|https://cdn.frazerphotos.com/22489/22489_000004375_ebhe412.jpg|https://cdn.frazerphotos.com/22489/22489_000004375_vaju7hm.jpg|https://cdn.frazerphotos.com/22489/22489_000004375_gofyt2w.jpg|https://cdn.frazerphotos.com/22489/22489_4375_4001.jpg|","Air Conditioning; Power Windows; Power Locks; Power Steering; Tilt Wheel; AM/FM CD; AM/FM CD/MP3; Satellite; Immobilizer; Keyless Entry; Alarm; Daytime Running Lights; Dual Front Airbags; Passenger Sensor; Active Belts; All Wheel ABS","ZERO","       0.00","","0","       0.00","    3000.00","     0","       0.00","       0.00","","Gasoline","","        "

"1GKFK66U91J244666","GMC","YUKON","DENALI XL K1500","Automatic","4WD","SUV","2001","4379","TAN","TAN","6.0L","8","ZERO","ZERO","    1500.00","242792"," 2/03/2026","If there is no description here, call/text Miriam 309-267-7200 or Matt 309-337-1049. We are likely working on getting it here as quickly as possible.","Used","No","https://cdn.frazerphotos.com/22489/22489_000004379_8rk1ala.jpg|https://cdn.frazerphotos.com/22489/22489_000004379_r7ljy76.jpg|https://cdn.frazerphotos.com/22489/22489_000004379_354pxht.jpg|https://cdn.frazerphotos.com/22489/22489_000004379_z8gpcfg.jpg|https://cdn.frazerphotos.com/22489/22489_000004379_imaavm7.jpg|https://cdn.frazerphotos.com/22489/22489_000004379_x73spvb.jpg|https://cdn.frazerphotos.com/22489/22489_000004379_8gkmuqm.jpg|https://cdn.frazerphotos.com/22489/22489_000004379_g6x0y2w.jpg|https://cdn.frazerphotos.com/22489/22489_000004379_4mbtl73.jpg|https://cdn.frazerphotos.com/22489/22489_000004379_1349of8.jpg|https://cdn.frazerphotos.com/22489/22489_000004379_ap12bp0.jpg|https://cdn.frazerphotos.com/22489/22489_000004379_yr88rqv.jpg|https://cdn.frazerphotos.com/22489/22489_000004379_wsnzfbw.jpg|","Air Conditioning; Power Windows; Power Locks; Power Steering; Tilt Wheel; AM/FM CD; Dual Air Bags Front and Sides; Active Belts; All Wheel ABS","ZERO","       0.00","https://youtu.be/wZtcn3BuNfU","0","       0.00","    1500.00","     0","       0.00","       0.00","","Gasoline","","        "

"1G1RD6E48CU101450","CHEVROLET","VOLT","Premium","Automatic","FWD","Hatchback","2012","4388","","SILVER","1.4L","4","ZERO","ZERO","       0.00","1000"," 2/11/2026","If there is no description here, call/text Miriam 309-267-7200 or Matt 309-337-1049. We are likely working on getting it here as quickly as possible.","Used","No","","Air Conditioning; Power Windows; Power Locks; Power Steering; Tilt Wheel; AM/FM CD/MP3; Satellite; AM/FM CD/DVD; Immobilizer; Keyless Entry; Alarm; Daytime Running Lights; Dual Airbags Front Head and Side; Active Seatbelts; Passenger Airbag Sensor; All Wheel ABS","ZERO","       0.00","","0","       0.00","       0.00","     0","       0.00","       0.00","","Hybrid","","        "

"1C3CC4FB7AN140107","CHRYSLER","SEBRING","TOURING","Automatic","FWD","Sedan","2010","4389","GRAY","WHITE","2.4L","4","ZERO","ZERO","       0.00","110101"," 2/11/2026","If there is no description here, call/text Miriam 309-267-7200 or Matt 309-337-1049. We are likely working on getting it here as quickly as possible.","Used","No","","Air Conditioning; Power Windows; Power Locks; Power Steering; Tilt Wheel; Satellite; AM/FM CD/MP3; AM/FM CD/DVD; Sentry Key; Keyless Entry; Available; Dual Front Airbags; Side Airbags; Head Airbags; Rear Head Airbags; Active Seatbelts; All Wheel ABS","ZERO","       0.00","","0","       0.00","       0.00","     0","       0.00","       0.00","","Gasoline","","        "

"3D4GG47BX9T227787","DODGE","JOURNEY","SE","Automatic","FWD","SUV","2009","4390","BLACK","BLACK","2.4L","4","ZERO","ZERO","       0.00","264548"," 2/11/2026","If there is no description here, call/text Miriam 309-267-7200 or Matt 309-337-1049. We are likely working on getting it here as quickly as possible.","Used","No","https://cdn.frazerphotos.com/22489/22489_4390_4014.jpg|https://cdn.frazerphotos.com/22489/22489_4390_4016.jpg|https://cdn.frazerphotos.com/22489/22489_4390_4013.jpg|https://cdn.frazerphotos.com/22489/22489_4390_4015.jpg|https://cdn.frazerphotos.com/22489/22489_4390_4017.jpg|https://cdn.frazerphotos.com/22489/22489_4390_4018.jpg|https://cdn.frazerphotos.com/22489/22489_4390_4019.jpg|https://cdn.frazerphotos.com/22489/22489_4390_4020.jpg|https://cdn.frazerphotos.com/22489/22489_4390_4021.jpg|https://cdn.frazerphotos.com/22489/22489_4390_4022.jpg|https://cdn.frazerphotos.com/22489/22489_4390_4023.jpg|https://cdn.frazerphotos.com/22489/22489_4390_4024.jpg|","Air Conditioning; Power Windows; Power Locks; Power Steering; Tilt Wheel; AM/FM CD/MP3; Satellite; AM/FM CD/DVD; Passive sentry key; Available; Dual Front Airbags; Side Airbags; Head Airbags; Rear Head Airbags; Active Seatbelts; All Wheel ABS","ZERO","       0.00","","0","       0.00","       0.00","     0","       0.00","       0.00","","Gasoline","","        "

"2FTRX18L11CA19108","FORD","F150","","Automatic","4WD","Truck","2001","4391","GRAY","SILVER","5.4L","8","ZERO","ZERO","       0.00","194349"," 2/11/2026","If there is no description here, call/text Miriam 309-267-7200 or Matt 309-337-1049. We are likely working on getting it here as quickly as possible.","Used","No","","Air Conditioning; Power Windows; Power Locks; Power Steering; AM/FM Cassette; AM/FM CD; Available; Dual Front Airbags; Active Seatbelts; Passenger Airbag Sensor; Extended Cab; Regular Bed; All Wheel ABS; 1/2 Ton","ZERO","       0.00","","0","       0.00","       0.00","     0","       0.00","       0.00","","Gasoline","","        "

"1C4PJLCB8FW790647","JEEP","CHEROKEE","LATITUDE","Automatic","FWD","SUV","2015","4392","TAN","RED","2.4L","4","ZERO","ZERO","       0.00","225626"," 2/11/2026","If there is no description here, call/text Miriam 309-267-7200 or Matt 309-337-1049. We are likely working on getting it here as quickly as possible.","Used","No","https://cdn.frazerphotos.com/22489/22489_000004392_pxsp7ts.jpg|https://cdn.frazerphotos.com/22489/22489_000004392_rlsqy0u.jpg|https://cdn.frazerphotos.com/22489/22489_000004392_um5rm4s.jpg|https://cdn.frazerphotos.com/22489/22489_000004392_x564r5g.jpg|https://cdn.frazerphotos.com/22489/22489_000004392_szt9t82.jpg|https://cdn.frazerphotos.com/22489/22489_000004392_bbq4g55.jpg|https://cdn.frazerphotos.com/22489/22489_000004392_qpl0xu1.jpg|https://cdn.frazerphotos.com/22489/22489_000004392_i7iqebo.jpg|https://cdn.frazerphotos.com/22489/22489_000004392_65odpqh.jpg|https://cdn.frazerphotos.com/22489/22489_000004392_gfkpaov.jpg|https://cdn.frazerphotos.com/22489/22489_000004392_2rdvoe9.jpg|https://cdn.frazerphotos.com/22489/22489_000004392_c5oorun.jpg|","Air Conditioning; Power Windows; Power Locks; Power Steering; Tilt Wheel; AM/FM CD/MP3; Satellite; Sentry Key; Keyless Entry; Daytime Running Lights; Dual Front Airbags; Side Airbags; Active Seatbelts; Passenger Airbag Sensor; All Wheel ABS","ZERO","       0.00","","0","       0.00","       0.00","     0","       0.00","       0.00","","Gasoline","","        "

"1J4GW48S34C303511","JEEP","GRAND CHEROKEE","LAREDO","Automatic","4WD","SUV","2004","4393","GRAY","SILVER","4.0L","6","ZERO","ZERO","       0.00","308993"," 2/11/2026","If there is no description here, call/text Miriam 309-267-7200 or Matt 309-337-1049. We are likely working on getting it here as quickly as possible.","Used","No","https://cdn.frazerphotos.com/22489/22489_000004393_doocpjs.jpg|https://cdn.frazerphotos.com/22489/22489_000004393_76466xf.jpg|https://cdn.frazerphotos.com/22489/22489_000004393_gktqluc.jpg|https://cdn.frazerphotos.com/22489/22489_000004393_8rpkwqb.jpg|https://cdn.frazerphotos.com/22489/22489_000004393_3fjq8bz.jpg|https://cdn.frazerphotos.com/22489/22489_000004393_sf042tz.jpg|https://cdn.frazerphotos.com/22489/22489_000004393_t5h34vp.jpg|https://cdn.frazerphotos.com/22489/22489_000004393_mot0k47.jpg|https://cdn.frazerphotos.com/22489/22489_000004393_rdm4o6w.jpg|https://cdn.frazerphotos.com/22489/22489_000004393_fyey6pt.jpg|https://cdn.frazerphotos.com/22489/22489_000004393_4h4ze76.jpg|https://cdn.frazerphotos.com/22489/22489_000004393_7lj5it7.jpg|","Air Conditioning; Power Windows; Power Locks; Power Steering; Tilt Wheel; AM/FM Cassette; AM/FM CD; Dual Front Air Bag; Active Belts; All Wheel ABS","ZERO","       0.00","","0","       0.00","       0.00","     0","       0.00","       0.00","","Gasoline","","        "

"1C6RD7JT9CS175182","DODGE","RAM 1500","LARAMIE","Automatic","4WD","Pick-Up","2012","4395","TAN","WHITE","5.7L","8","ZERO","ZERO","       0.00","193438"," 2/11/2026","If there is no description here, call/text Miriam 309-267-7200 or Matt 309-337-1049. We are likely working on getting it here as quickly as possible.","Used","No","https://cdn.frazerphotos.com/22489/22489_000004395_p8b6ty6.jpg|https://cdn.frazerphotos.com/22489/22489_000004395_3kux75a.jpg|https://cdn.frazerphotos.com/22489/22489_000004395_j8a3i77.jpg|https://cdn.frazerphotos.com/22489/22489_000004395_cvc5fkb.jpg|https://cdn.frazerphotos.com/22489/22489_000004395_4s91dtb.jpg|https://cdn.frazerphotos.com/22489/22489_000004395_vx3cw0n.jpg|https://cdn.frazerphotos.com/22489/22489_000004395_n4d2awa.jpg|https://cdn.frazerphotos.com/22489/22489_000004395_ag0zcr0.jpg|https://cdn.frazerphotos.com/22489/22489_000004395_8il9b51.jpg|https://cdn.frazerphotos.com/22489/22489_000004395_0or89ap.jpg|https://cdn.frazerphotos.com/22489/22489_000004395_bk2zmou.jpg|https://cdn.frazerphotos.com/22489/22489_000004395_irlx0fg.jpg|https://cdn.frazerphotos.com/22489/22489_000004395_wqkelx2.jpg|","Air Conditioning; Power Windows; Power Locks; Power Steering; Tilt Wheel; AM/FM CD/DVD; Satellite; Sentry Key; Keyless Entry; Alarm; Available; Dual Air Bags Front and Sides; Active Belts; Extended Cab; Regular Bed; All Wheel ABS; 1/2 Ton","ZERO","       0.00","","0","       0.00","       0.00","     0","       0.00","       0.00","","Gasoline","","        "

"2FMGK5DC8BBD28953","FORD","FLEX","LIMITED","Automatic","FWD","SUV","2011","4396","TAN","BLACK","3.5L","6","ZERO","ZERO","       0.00","212347"," 2/12/2026","If there is no description here, call/text Miriam 309-267-7200 or Matt 309-337-1049. We are likely working on getting it here as quickly as possible.","Used","No","https://cdn.frazerphotos.com/22489/22489_000004396_uoo814i.jpg|https://cdn.frazerphotos.com/22489/22489_000004396_m4uuz7k.jpg|https://cdn.frazerphotos.com/22489/22489_000004396_j7jdron.jpg|https://cdn.frazerphotos.com/22489/22489_000004396_ogiuz2p.jpg|https://cdn.frazerphotos.com/22489/22489_000004396_ds7806o.jpg|https://cdn.frazerphotos.com/22489/22489_000004396_5itsshg.jpg|https://cdn.frazerphotos.com/22489/22489_000004396_hfg4jtt.jpg|https://cdn.frazerphotos.com/22489/22489_000004396_a96dtoy.jpg|https://cdn.frazerphotos.com/22489/22489_000004396_cj2ficv.jpg|https://cdn.frazerphotos.com/22489/22489_000004396_wc8xq51.jpg|https://cdn.frazerphotos.com/22489/22489_000004396_hmvfew5.jpg|https://cdn.frazerphotos.com/22489/22489_000004396_ok6gyqm.jpg|https://cdn.frazerphotos.com/22489/22489_000004396_c77ol4o.jpg|https://cdn.frazerphotos.com/22489/22489_000004396_tham6ma.jpg|","Air Conditioning; Power Windows; Power Locks; Power Steering; Tilt Wheel; AM/FM CD/MP3; Satellite; AM/FM CD/DVD; Sentry Key; Keyless Entry; Dual Front Airbags; Side Airbags; Head Airbags; Rear Head Airbags; Active Seatbelts; All Wheel ABS","ZERO","       0.00","","0","       0.00","       0.00","     0","       0.00","       0.00","","Gasoline","","        "

"JA4AP3AU6GZ065177","MITSUBISHI","OUTLANDER SPORT","ES","Automatic","FWD","SUV","2016","4394","BLACK","BLUE","2.0L","4","ZERO","ZERO","       0.00","207476"," 2/11/2026","If there is no description here, call/text Miriam 309-267-7200 or Matt 309-337-1049. We are likely working on getting it here as quickly as possible.","Used","No","https://cdn.frazerphotos.com/22489/22489_000004394_1ghwna8.jpg|https://cdn.frazerphotos.com/22489/22489_000004394_px7izgg.jpg|https://cdn.frazerphotos.com/22489/22489_000004394_bforpy6.jpg|https://cdn.frazerphotos.com/22489/22489_000004394_uhqstbq.jpg|https://cdn.frazerphotos.com/22489/22489_000004394_euasvgf.jpg|https://cdn.frazerphotos.com/22489/22489_000004394_61am98j.jpg|https://cdn.frazerphotos.com/22489/22489_000004394_ct7xup2.jpg|https://cdn.frazerphotos.com/22489/22489_000004394_h9lr6jf.jpg|https://cdn.frazerphotos.com/22489/22489_000004394_2p5ouil.jpg|https://cdn.frazerphotos.com/22489/22489_000004394_53qja8z.jpg|https://cdn.frazerphotos.com/22489/22489_000004394_f14rx2b.jpg|https://cdn.frazerphotos.com/22489/22489_000004394_pon21tx.jpg|","Air Conditioning; Power Windows; Power Locks; Power Steering; Tilt Wheel; AM/FM CD/MP3; AM/FM CD/DVD; Immobilizer; Keyless Entry; Daytime Running Lights; Dual Front Airbags; Side Airbags; Head Airbags; Rear Head Airbags; Active Seatbelts; All Wheel ABS","ZERO","       0.00","","0","       0.00","       0.00","     0","       0.00","       0.00","","Gasoline","","        "

"1G1AT58H597108145","CHEVROLET","COBALT","LT","Automatic","FWD","Sedan","2009","4376","GRAY","BLUE","2.2L","4","ZERO","ZERO","    2000.00","216923"," 2/03/2026","If there is no description here, call/text Miriam 309-267-7200 or Matt 309-337-1049. We are likely working on getting it here as quickly as possible.","Used","No","https://cdn.frazerphotos.com/22489/22489_000004376_cosza7j.jpg|https://cdn.frazerphotos.com/22489/22489_000004376_770f2k6.jpg|https://cdn.frazerphotos.com/22489/22489_000004376_sylhz7k.jpg|https://cdn.frazerphotos.com/22489/22489_000004376_oxs8bic.jpg|https://cdn.frazerphotos.com/22489/22489_000004376_w4karcv.jpg|https://cdn.frazerphotos.com/22489/22489_000004376_z94ov3d.jpg|https://cdn.frazerphotos.com/22489/22489_000004376_ymjnrr4.jpg|https://cdn.frazerphotos.com/22489/22489_000004376_4p14ako.jpg|https://cdn.frazerphotos.com/22489/22489_000004376_l0bhxao.jpg|https://cdn.frazerphotos.com/22489/22489_000004376_3o9bjx7.jpg|https://cdn.frazerphotos.com/22489/22489_000004376_cgsn08s.jpg|","Air Conditioning; Power Windows; Power Locks; Power Steering; Tilt Wheel; AM/FM CD/MP3; Satellite; Sentry Key; Keyless Entry; Daytime Running Lights; Dual Frnt and Hd Ar Bgs; Passenger Snsr; Active Seatbelts; All Wheel ABS","ZERO","       0.00","","0","       0.00","    2000.00","     0","       0.00","       0.00","","Gasoline","","        "

"1GNDT13S522523895","CHEVROLET","TRAILBLAZER","LTZ","Automatic","4WD","SUV","2002","4380","","MAROON","4.2L","6","ZERO","ZERO","     999.00","219230"," 2/03/2026","If there is no description here, call/text Miriam 309-267-7200 or Matt 309-337-1049. We are likely working on getting it here as quickly as possible.","Used","No","https://cdn.frazerphotos.com/22489/22489_000004380_aadzfzr.jpg|https://cdn.frazerphotos.com/22489/22489_000004380_ceqkgg8.jpg|https://cdn.frazerphotos.com/22489/22489_000004380_yzrw7ci.jpg|https://cdn.frazerphotos.com/22489/22489_000004380_7mkgrqw.jpg|https://cdn.frazerphotos.com/22489/22489_000004380_zrv2xmp.jpg|https://cdn.frazerphotos.com/22489/22489_000004380_l5lrgzc.jpg|https://cdn.frazerphotos.com/22489/22489_000004380_o03rd5v.jpg|https://cdn.frazerphotos.com/22489/22489_000004380_rxaq1xw.jpg|https://cdn.frazerphotos.com/22489/22489_000004380_n36p0ry.jpg|https://cdn.frazerphotos.com/22489/22489_000004380_mbthjoh.jpg|https://cdn.frazerphotos.com/22489/22489_000004380_28fdntv.jpg|https://cdn.frazerphotos.com/22489/22489_000004380_4ye9q46.jpg|https://cdn.frazerphotos.com/22489/22489_000004380_olo7c32.jpg|","Air Conditioning; Power Windows; Power Locks; Power Steering; Tilt Wheel; AM/FM CD; Daytime Running Lights; Dual Air Bags Front and Sides; Active Belts; All Wheel ABS","ZERO","       0.00","https://youtu.be/g6TRO6IrMEw","0","       0.00","     999.00","     0","       0.00","       0.00","","Gasoline","","        "

